Date,cabbage_price_per_1kg,Production,Resell_weight
01/01/2017,133.2175,216,8
02/01/2017,133.0196774,208,5
03/01/2017,132.8993548,204,8
04/01/2017,132.7790323,213,19
05/01/2017,132.6587097,286,12
06/01/2017,132.5383871,278,13
07/01/2017,132.4180645,221,5
08/01/2017,132.2977419,232,14
09/01/2017,132.1774194,295,7
10/01/2017,132.0570968,267,9
11/01/2017,131.9367742,277,14
12/01/2017,131.8164516,297,9
13/01/2017,131.696129,203,6
14/01/2017,131.5758065,209,16
15/01/2017,131.4554839,213,12
16/01/2017,131.3351613,240,9
17/01/2017,131.2148387,231,9
18/01/2017,131.0945161,262,9
19/01/2017,130.9741935,268,7
20/01/2017,130.853871,256,8
21/01/2017,130.7335484,233,5
22/01/2017,130.6132258,261,12
23/01/2017,130.4929032,233,6
24/01/2017,130.3725806,245,13
25/01/2017,130.2522581,284,7
26/01/2017,130.1319355,209,19
27/01/2017,130.0116129,269,15
28/01/2017,129.8912903,210,7
29/01/2017,129.7709677,245,9
30/01/2017,129.6506452,205,7
31/01/2017,129.5303226,211,5
01/02/2017,132.5275,202,6
02/02/2017,133.1917857,235,17
03/02/2017,133.2435714,291,19
04/02/2017,133.2953571,276,11
05/02/2017,133.3471429,266,6
06/02/2017,133.3989286,250,18
07/02/2017,133.4507143,215,10
08/02/2017,133.5025,279,16
09/02/2017,133.5542857,260,12
10/02/2017,133.6060714,263,9
11/02/2017,133.6578571,227,5
12/02/2017,133.7096429,262,16
13/02/2017,133.7614286,276,16
14/02/2017,133.8132143,285,19
15/02/2017,133.865,255,15
16/02/2017,133.9167857,296,14
17/02/2017,133.9685714,257,10
18/02/2017,134.0203571,209,9
19/02/2017,134.0721429,290,6
20/02/2017,134.1239286,222,8
21/02/2017,134.1757143,207,17
22/02/2017,134.2275,232,14
23/02/2017,134.2792857,231,19
24/02/2017,134.3310714,269,7
25/02/2017,134.3828571,284,19
26/02/2017,134.4346429,230,19
27/02/2017,134.4864286,275,7
28/02/2017,134.5382143,280,15
01/03/2017,135.7375,241,5
02/03/2017,136.9477419,260,18
03/03/2017,136.9754839,226,14
04/03/2017,137.0032258,297,8
05/03/2017,137.0309677,269,12
06/03/2017,137.0587097,257,17
07/03/2017,137.0864516,241,9
08/03/2017,137.1141935,257,5
09/03/2017,137.1419355,294,8
10/03/2017,137.1696774,213,17
11/03/2017,137.1974194,299,11
12/03/2017,137.2251613,256,19
13/03/2017,137.2529032,254,10
14/03/2017,137.2806452,231,19
15/03/2017,137.3083871,257,9
16/03/2017,137.336129,245,10
17/03/2017,137.363871,234,19
18/03/2017,137.3916129,270,16
19/03/2017,137.4193548,295,18
20/03/2017,137.4470968,210,9
21/03/2017,137.4748387,271,10
22/03/2017,137.5025806,223,14
23/03/2017,137.5303226,291,17
24/03/2017,137.5580645,230,16
25/03/2017,137.5858065,266,14
26/03/2017,137.6135484,209,19
27/03/2017,137.6412903,203,6
28/03/2017,137.6690323,238,19
29/03/2017,137.6967742,284,18
30/03/2017,137.7245161,225,6
31/03/2017,137.7522581,300,13
01/04/2017,136.3325,257,5
02/04/2017,133.621,221,8
03/04/2017,133.732,261,19
04/04/2017,133.843,232,17
05/04/2017,133.954,288,18
06/04/2017,134.065,263,8
07/04/2017,134.176,225,6
08/04/2017,134.287,238,16
09/04/2017,134.398,237,9
10/04/2017,134.509,216,6
11/04/2017,134.62,253,11
12/04/2017,134.731,298,8
13/04/2017,134.842,210,14
14/04/2017,134.953,241,15
15/04/2017,135.064,279,13
16/04/2017,135.175,231,6
17/04/2017,135.286,220,16
18/04/2017,135.397,235,18
19/04/2017,135.508,282,18
20/04/2017,135.619,244,11
21/04/2017,135.73,276,10
22/04/2017,135.841,275,10
23/04/2017,135.952,263,13
24/04/2017,136.063,238,12
25/04/2017,136.174,279,17
26/04/2017,136.285,215,15
27/04/2017,136.396,260,13
28/04/2017,136.507,271,5
29/04/2017,136.618,236,17
30/04/2017,136.729,225,10
01/05/2017,138.265,273,18
02/05/2017,137.7487097,291,12
03/05/2017,137.6074194,229,14
04/05/2017,137.466129,272,14
05/05/2017,137.3248387,229,7
06/05/2017,137.1835484,249,12
07/05/2017,137.0422581,244,5
08/05/2017,136.9009677,286,10
09/05/2017,136.7596774,223,5
10/05/2017,136.6183871,230,5
11/05/2017,136.4770968,285,12
12/05/2017,136.3358065,292,5
13/05/2017,136.1945161,239,6
14/05/2017,136.0532258,275,7
15/05/2017,135.9119355,277,18
16/05/2017,135.7706452,248,5
17/05/2017,135.6293548,298,6
18/05/2017,135.4880645,281,16
19/05/2017,135.3467742,296,14
20/05/2017,135.2054839,279,15
21/05/2017,135.0641935,299,13
22/05/2017,134.9229032,299,12
23/05/2017,134.7816129,239,5
24/05/2017,134.6403226,283,13
25/05/2017,134.4990323,211,17
26/05/2017,134.3577419,239,15
27/05/2017,134.2164516,202,12
28/05/2017,134.0751613,257,12
29/05/2017,133.933871,267,7
30/05/2017,133.7925806,203,18
31/05/2017,133.6512903,298,11
01/06/2017,135.825,260,5
02/06/2017,138.8513333,260,5
03/06/2017,138.8826667,237,17
04/06/2017,138.914,282,10
05/06/2017,138.9453333,294,13
06/06/2017,138.9766667,245,18
07/06/2017,139.008,215,11
08/06/2017,139.0393333,222,14
09/06/2017,139.0706667,286,10
10/06/2017,139.102,300,17
11/06/2017,139.1333333,260,16
12/06/2017,139.1646667,273,6
13/06/2017,139.196,277,18
14/06/2017,139.2273333,219,7
15/06/2017,139.2586667,251,11
16/06/2017,139.29,259,14
17/06/2017,139.3213333,220,16
18/06/2017,139.3526667,220,6
19/06/2017,139.384,256,7
20/06/2017,139.4153333,296,18
21/06/2017,139.4466667,290,17
22/06/2017,139.478,235,10
23/06/2017,139.5093333,205,13
24/06/2017,139.5406667,222,5
25/06/2017,139.572,294,12
26/06/2017,139.6033333,299,19
27/06/2017,139.6346667,249,8
28/06/2017,139.666,205,16
29/06/2017,139.6973333,286,13
30/06/2017,139.7286667,277,5
01/07/2017,138.67,288,10
02/07/2017,141.1380645,274,16
03/07/2017,141.226129,228,10
04/07/2017,141.3141935,217,19
05/07/2017,141.4022581,241,11
06/07/2017,141.4903226,300,16
07/07/2017,141.5783871,237,7
08/07/2017,141.6664516,247,18
09/07/2017,141.7545161,286,19
10/07/2017,141.8425806,293,10
11/07/2017,141.9306452,286,18
12/07/2017,142.0187097,231,7
13/07/2017,142.1067742,261,6
14/07/2017,142.1948387,212,19
15/07/2017,142.2829032,290,12
16/07/2017,142.3709677,291,19
17/07/2017,142.4590323,220,17
18/07/2017,142.5470968,291,18
19/07/2017,142.6351613,268,11
20/07/2017,142.7232258,246,16
21/07/2017,142.8112903,222,7
22/07/2017,142.8993548,291,13
23/07/2017,142.9874194,288,13
24/07/2017,143.0754839,272,9
25/07/2017,143.1635484,230,18
26/07/2017,143.2516129,295,17
27/07/2017,143.3396774,221,10
28/07/2017,143.4277419,250,14
29/07/2017,143.5158065,229,5
30/07/2017,143.603871,293,12
31/07/2017,143.6919355,261,19
01/08/2017,142.685,294,8
02/08/2017,140.4651613,202,12
03/08/2017,140.5103226,223,17
04/08/2017,140.5554839,261,18
05/08/2017,140.6006452,233,18
06/08/2017,140.6458065,287,7
07/08/2017,140.6909677,266,17
08/08/2017,140.736129,260,7
09/08/2017,140.7812903,287,10
10/08/2017,140.8264516,233,9
11/08/2017,140.8716129,255,19
12/08/2017,140.9167742,265,14
13/08/2017,140.9619355,220,18
14/08/2017,141.0070968,202,11
15/08/2017,141.0522581,231,6
16/08/2017,141.0974194,214,8
17/08/2017,141.1425806,234,10
18/08/2017,141.1877419,291,18
19/08/2017,141.2329032,239,10
20/08/2017,141.2780645,215,9
21/08/2017,141.3232258,251,8
22/08/2017,141.3683871,240,18
23/08/2017,141.4135484,205,18
24/08/2017,141.4587097,207,7
25/08/2017,141.503871,202,9
26/08/2017,141.5490323,220,5
27/08/2017,141.5941935,213,19
28/08/2017,141.6393548,293,12
29/08/2017,141.6845161,206,12
30/08/2017,141.7296774,284,6
31/08/2017,141.7748387,245,7
01/09/2017,142.345,224,5
02/09/2017,142.0076667,290,11
03/09/2017,142.2553333,277,19
04/09/2017,142.503,226,12
05/09/2017,142.7506667,212,8
06/09/2017,142.9983333,296,16
07/09/2017,143.246,281,8
08/09/2017,143.4936667,212,5
09/09/2017,143.7413333,263,13
10/09/2017,143.989,221,6
11/09/2017,144.2366667,271,14
12/09/2017,144.4843333,256,13
13/09/2017,144.732,226,14
14/09/2017,144.9796667,294,10
15/09/2017,145.2273333,245,6
16/09/2017,145.475,283,13
17/09/2017,145.7226667,226,15
18/09/2017,145.9703333,286,15
19/09/2017,146.218,268,17
20/09/2017,146.4656667,218,14
21/09/2017,146.7133333,217,6
22/09/2017,146.961,250,8
23/09/2017,147.2086667,296,6
24/09/2017,147.4563333,201,19
25/09/2017,147.704,251,17
26/09/2017,147.9516667,291,19
27/09/2017,148.1993333,248,17
28/09/2017,148.447,211,6
29/09/2017,148.6946667,215,7
30/09/2017,148.9423333,214,9
01/10/2017,146.155,269,12
02/10/2017,146.7741935,288,6
03/10/2017,147.0783871,292,12
04/10/2017,147.3825806,251,16
05/10/2017,147.6867742,249,7
06/10/2017,147.9909677,231,16
07/10/2017,148.2951613,219,8
08/10/2017,148.5993548,231,13
09/10/2017,148.9035484,285,18
10/10/2017,149.2077419,226,18
11/10/2017,149.5119355,279,10
12/10/2017,149.816129,241,16
13/10/2017,150.1203226,230,5
14/10/2017,150.4245161,232,8
15/10/2017,150.7287097,205,11
16/10/2017,151.0329032,264,5
17/10/2017,151.3370968,247,15
18/10/2017,151.6412903,253,12
19/10/2017,151.9454839,204,17
20/10/2017,152.2496774,218,8
21/10/2017,152.553871,250,10
22/10/2017,152.8580645,238,10
23/10/2017,153.1622581,225,18
24/10/2017,153.4664516,216,15
25/10/2017,153.7706452,275,19
26/10/2017,154.0748387,216,14
27/10/2017,154.3790323,291,9
28/10/2017,154.6832258,201,19
29/10/2017,154.9874194,206,17
30/10/2017,155.2916129,200,6
31/10/2017,155.5958065,211,10
01/11/2017,160.22,214,14
02/11/2017,164.3523333,248,15
03/11/2017,164.3846667,251,19
04/11/2017,164.417,298,19
05/11/2017,164.4493333,240,15
06/11/2017,164.4816667,242,12
07/11/2017,164.514,233,7
08/11/2017,164.5463333,203,5
09/11/2017,164.5786667,251,8
10/11/2017,164.611,240,14
11/11/2017,164.6433333,201,12
12/11/2017,164.6756667,227,6
13/11/2017,164.708,261,17
14/11/2017,164.7403333,236,6
15/11/2017,164.7726667,276,18
16/11/2017,164.805,267,17
17/11/2017,164.8373333,292,13
18/11/2017,164.8696667,214,8
19/11/2017,164.902,296,19
20/11/2017,164.9343333,254,17
21/11/2017,164.9666667,266,10
22/11/2017,164.999,237,12
23/11/2017,165.0313333,279,15
24/11/2017,165.0636667,281,11
25/11/2017,165.096,285,5
26/11/2017,165.1283333,272,8
27/11/2017,165.1606667,220,9
28/11/2017,165.193,238,6
29/11/2017,165.2253333,238,19
30/11/2017,165.2576667,299,6
01/12/2017,166.5625,270,18
02/12/2017,168.2880645,222,11
03/12/2017,168.246129,276,14
04/12/2017,168.2041935,245,8
05/12/2017,168.1622581,244,18
06/12/2017,168.1203226,297,16
07/12/2017,168.0783871,220,15
08/12/2017,168.0364516,256,9
09/12/2017,167.9945161,257,17
10/12/2017,167.9525806,293,9
11/12/2017,167.9106452,279,14
12/12/2017,167.8687097,293,16
13/12/2017,167.8267742,263,8
14/12/2017,167.7848387,286,16
15/12/2017,167.7429032,208,12
16/12/2017,167.7009677,283,14
17/12/2017,167.6590323,256,11
18/12/2017,167.6170968,225,15
19/12/2017,167.5751613,253,13
20/12/2017,167.5332258,240,13
21/12/2017,167.4912903,296,18
22/12/2017,167.4493548,232,19
23/12/2017,167.4074194,282,16
24/12/2017,167.3654839,249,6
25/12/2017,167.3235484,224,15
26/12/2017,167.2816129,264,11
27/12/2017,167.2396774,228,6
28/12/2017,167.1977419,253,10
29/12/2017,167.1558065,255,6
30/12/2017,167.113871,273,7
31/12/2017,167.0719355,214,15
01/01/2018,163.4725,280,13
02/01/2018,158.4048387,238,8
03/01/2018,158.2796774,211,6
04/01/2018,158.1545161,203,8
05/01/2018,158.0293548,237,18
06/01/2018,157.9041935,299,12
07/01/2018,157.7790323,296,9
08/01/2018,157.653871,266,5
09/01/2018,157.5287097,212,7
10/01/2018,157.4035484,224,6
11/01/2018,157.2783871,300,6
12/01/2018,157.1532258,263,7
13/01/2018,157.0280645,262,17
14/01/2018,156.9029032,200,14
15/01/2018,156.7777419,285,16
16/01/2018,156.6525806,260,19
17/01/2018,156.5274194,264,15
18/01/2018,156.4022581,223,10
19/01/2018,156.2770968,209,19
20/01/2018,156.1519355,277,7
21/01/2018,156.0267742,266,19
22/01/2018,155.9016129,274,19
23/01/2018,155.7764516,221,5
24/01/2018,155.6512903,255,16
25/01/2018,155.526129,230,10
26/01/2018,155.4009677,230,19
27/01/2018,155.2758065,280,16
28/01/2018,155.1506452,265,19
29/01/2018,155.0254839,252,12
30/01/2018,154.9003226,293,7
31/01/2018,154.7751613,220,15
01/02/2018,156.5175,283,12
02/02/2018,154.17,276,18
03/02/2018,153.84,205,16
04/02/2018,153.51,278,14
05/02/2018,153.18,257,5
06/02/2018,152.85,277,5
07/02/2018,152.52,218,15
08/02/2018,152.19,237,9
09/02/2018,151.86,295,7
10/02/2018,151.53,288,16
11/02/2018,151.2,298,5
12/02/2018,150.87,204,11
13/02/2018,150.54,213,9
14/02/2018,150.21,229,14
15/02/2018,149.88,266,17
16/02/2018,149.55,221,12
17/02/2018,149.22,234,15
18/02/2018,148.89,298,7
19/02/2018,148.56,242,12
20/02/2018,148.23,238,15
21/02/2018,147.9,271,12
22/02/2018,147.57,293,11
23/02/2018,147.24,242,17
24/02/2018,146.91,217,6
25/02/2018,146.58,284,9
26/02/2018,146.25,212,16
27/02/2018,145.92,278,6
28/02/2018,145.59,278,8
01/03/2018,141.7425,255,6
02/03/2018,140.8609677,267,14
03/03/2018,140.6419355,225,17
04/03/2018,140.4229032,255,11
05/03/2018,140.203871,237,10
06/03/2018,139.9848387,234,10
07/03/2018,139.7658065,243,7
08/03/2018,139.5467742,271,12
09/03/2018,139.3277419,276,16
10/03/2018,139.1087097,298,11
11/03/2018,138.8896774,252,9
12/03/2018,138.6706452,228,12
13/03/2018,138.4516129,262,13
14/03/2018,138.2325806,230,10
15/03/2018,138.0135484,258,19
16/03/2018,137.7945161,295,12
17/03/2018,137.5754839,269,19
18/03/2018,137.3564516,230,13
19/03/2018,137.1374194,217,13
20/03/2018,136.9183871,282,11
21/03/2018,136.6993548,282,19
22/03/2018,136.4803226,203,5
23/03/2018,136.2612903,294,7
24/03/2018,136.0422581,266,6
25/03/2018,135.8232258,289,16
26/03/2018,135.6041935,258,10
27/03/2018,135.3851613,289,11
28/03/2018,135.166129,240,10
29/03/2018,134.9470968,299,6
30/03/2018,134.7280645,268,8
31/03/2018,134.5090323,273,19
01/04/2018,131.6625,227,12
02/04/2018,133.3673333,291,10
03/04/2018,133.2046667,258,13
04/04/2018,133.042,283,11
05/04/2018,132.8793333,222,7
06/04/2018,132.7166667,239,8
07/04/2018,132.554,216,16
08/04/2018,132.3913333,251,13
09/04/2018,132.2286667,210,17
10/04/2018,132.066,247,13
11/04/2018,131.9033333,280,15
12/04/2018,131.7406667,227,5
13/04/2018,131.578,214,15
14/04/2018,131.4153333,204,10
15/04/2018,131.2526667,228,13
16/04/2018,131.09,210,16
17/04/2018,130.9273333,220,11
18/04/2018,130.7646667,253,12
19/04/2018,130.602,219,9
20/04/2018,130.4393333,238,10
21/04/2018,130.2766667,261,6
22/04/2018,130.114,234,8
23/04/2018,129.9513333,243,18
24/04/2018,129.7886667,281,6
25/04/2018,129.626,236,16
26/04/2018,129.4633333,248,15
27/04/2018,129.3006667,293,19
28/04/2018,129.138,222,19
29/04/2018,128.9753333,201,17
30/04/2018,128.8126667,224,11
01/05/2018,132.1425,247,15
02/05/2018,137.7835484,231,8
03/05/2018,137.6770968,228,18
04/05/2018,137.5706452,299,16
05/05/2018,137.4641935,282,8
06/05/2018,137.3577419,249,5
07/05/2018,137.2512903,293,7
08/05/2018,137.1448387,273,17
09/05/2018,137.0383871,233,5
10/05/2018,136.9319355,255,8
11/05/2018,136.8254839,228,14
12/05/2018,136.7190323,234,6
13/05/2018,136.6125806,270,6
14/05/2018,136.506129,217,14
15/05/2018,136.3996774,279,7
16/05/2018,136.2932258,252,9
17/05/2018,136.1867742,231,15
18/05/2018,136.0803226,264,8
19/05/2018,135.973871,269,8
20/05/2018,135.8674194,221,12
21/05/2018,135.7609677,255,8
22/05/2018,135.6545161,246,14
23/05/2018,135.5480645,274,12
24/05/2018,135.4416129,250,7
25/05/2018,135.3351613,295,13
26/05/2018,135.2287097,214,18
27/05/2018,135.1222581,289,11
28/05/2018,135.0158065,236,19
29/05/2018,134.9093548,264,18
30/05/2018,134.8029032,291,18
31/05/2018,134.6964516,276,19
01/06/2018,147.99,246,10
02/06/2018,154.6426667,271,5
03/06/2018,154.6153333,253,10
04/06/2018,154.588,254,18
05/06/2018,154.5606667,216,14
06/06/2018,154.5333333,277,17
07/06/2018,154.506,286,10
08/06/2018,154.4786667,246,19
09/06/2018,154.4513333,240,17
10/06/2018,154.424,203,18
11/06/2018,154.3966667,287,10
12/06/2018,154.3693333,273,13
13/06/2018,154.342,272,14
14/06/2018,154.3146667,255,5
15/06/2018,154.2873333,290,13
16/06/2018,154.26,280,9
17/06/2018,154.2326667,223,18
18/06/2018,154.2053333,255,5
19/06/2018,154.178,273,5
20/06/2018,154.1506667,294,10
21/06/2018,154.1233333,281,11
22/06/2018,154.096,223,17
23/06/2018,154.0686667,200,17
24/06/2018,154.0413333,202,18
25/06/2018,154.014,211,5
26/06/2018,153.9866667,224,8
27/06/2018,153.9593333,240,5
28/06/2018,153.932,229,14
29/06/2018,153.9046667,209,12
30/06/2018,153.8773333,277,15
01/07/2018,156.5125,234,7
02/07/2018,159.3841935,235,18
03/07/2018,159.3283871,299,16
04/07/2018,159.2725806,216,8
05/07/2018,159.2167742,240,11
06/07/2018,159.1609677,233,14
07/07/2018,159.1051613,203,6
08/07/2018,159.0493548,226,15
09/07/2018,158.9935484,209,9
10/07/2018,158.9377419,282,7
11/07/2018,158.8819355,251,17
12/07/2018,158.826129,229,17
13/07/2018,158.7703226,248,10
14/07/2018,158.7145161,277,6
15/07/2018,158.6587097,273,9
16/07/2018,158.6029032,285,18
17/07/2018,158.5470968,223,7
18/07/2018,158.4912903,258,13
19/07/2018,158.4354839,287,6
20/07/2018,158.3796774,221,16
21/07/2018,158.323871,254,12
22/07/2018,158.2680645,219,9
23/07/2018,158.2122581,232,12
24/07/2018,158.1564516,204,17
25/07/2018,158.1006452,254,11
26/07/2018,158.0448387,286,7
27/07/2018,157.9890323,235,5
28/07/2018,157.9332258,234,12
29/07/2018,157.8774194,281,11
30/07/2018,157.8216129,265,8
31/07/2018,157.7658065,296,16
01/08/2018,157.49,243,10
02/08/2018,154.2193548,221,11
03/08/2018,154.0787097,272,17
04/08/2018,153.9380645,214,17
05/08/2018,153.7974194,289,12
06/08/2018,153.6567742,212,12
07/08/2018,153.516129,254,6
08/08/2018,153.3754839,282,15
09/08/2018,153.2348387,205,12
10/08/2018,153.0941935,248,16
11/08/2018,152.9535484,254,19
12/08/2018,152.8129032,237,15
13/08/2018,152.6722581,260,11
14/08/2018,152.5316129,244,6
15/08/2018,152.3909677,296,17
16/08/2018,152.2503226,294,8
17/08/2018,152.1096774,265,18
18/08/2018,151.9690323,224,7
19/08/2018,151.8283871,243,16
20/08/2018,151.6877419,276,12
21/08/2018,151.5470968,294,14
22/08/2018,151.4064516,259,11
23/08/2018,151.2658065,211,9
24/08/2018,151.1251613,296,14
25/08/2018,150.9845161,216,19
26/08/2018,150.843871,219,9
27/08/2018,150.7032258,219,16
28/08/2018,150.5625806,274,13
29/08/2018,150.4219355,204,5
30/08/2018,150.2812903,211,11
31/08/2018,150.1406452,223,5
01/09/2018,143.9875,290,11
02/09/2018,142.2386667,237,11
03/09/2018,142.2573333,253,15
04/09/2018,142.276,260,19
05/09/2018,142.2946667,212,18
06/09/2018,142.3133333,272,9
07/09/2018,142.332,284,8
08/09/2018,142.3506667,296,5
09/09/2018,142.3693333,268,17
10/09/2018,142.388,275,10
11/09/2018,142.4066667,206,9
12/09/2018,142.4253333,247,11
13/09/2018,142.444,255,8
14/09/2018,142.4626667,287,15
15/09/2018,142.4813333,208,18
16/09/2018,142.5,230,14
17/09/2018,142.5186667,246,8
18/09/2018,142.5373333,203,13
19/09/2018,142.556,200,10
20/09/2018,142.5746667,200,11
21/09/2018,142.5933333,234,18
22/09/2018,142.612,273,16
23/09/2018,142.6306667,268,13
24/09/2018,142.6493333,215,12
25/09/2018,142.668,269,13
26/09/2018,142.6866667,213,19
27/09/2018,142.7053333,222,6
28/09/2018,142.724,231,9
29/09/2018,142.7426667,299,19
30/09/2018,142.7613333,211,15
01/10/2018,147.195,250,5
02/10/2018,161.2096774,296,15
03/10/2018,161.1693548,274,17
04/10/2018,161.1290323,272,15
05/10/2018,161.0887097,283,15
06/10/2018,161.0483871,289,15
07/10/2018,161.0080645,242,5
08/10/2018,160.9677419,260,12
09/10/2018,160.9274194,203,16
10/10/2018,160.8870968,295,9
11/10/2018,160.8467742,262,6
12/10/2018,160.8064516,279,18
13/10/2018,160.766129,263,12
14/10/2018,160.7258065,299,9
15/10/2018,160.6854839,242,10
16/10/2018,160.6451613,205,6
17/10/2018,160.6048387,286,7
18/10/2018,160.5645161,238,8
19/10/2018,160.5241935,222,15
20/10/2018,160.483871,279,17
21/10/2018,160.4435484,263,11
22/10/2018,160.4032258,256,5
23/10/2018,160.3629032,214,9
24/10/2018,160.3225806,251,9
25/10/2018,160.2822581,251,18
26/10/2018,160.2419355,213,11
27/10/2018,160.2016129,271,16
28/10/2018,160.1612903,298,9
29/10/2018,160.1209677,274,6
30/10/2018,160.0806452,282,7
31/10/2018,160.0403226,290,14
01/11/2018,160.115,263,8
02/11/2018,162.262,211,10
03/11/2018,162.414,259,17
04/11/2018,162.566,269,7
05/11/2018,162.718,226,19
06/11/2018,162.87,201,17
07/11/2018,163.022,212,9
08/11/2018,163.174,288,5
09/11/2018,163.326,216,9
10/11/2018,163.478,241,16
11/11/2018,163.63,225,14
12/11/2018,163.782,233,18
13/11/2018,163.934,263,12
14/11/2018,164.086,206,19
15/11/2018,164.238,215,15
16/11/2018,164.39,249,6
17/11/2018,164.542,278,7
18/11/2018,164.694,294,17
19/11/2018,164.846,277,12
20/11/2018,164.998,211,10
21/11/2018,165.15,275,9
22/11/2018,165.302,225,16
23/11/2018,165.454,298,8
24/11/2018,165.606,211,9
25/11/2018,165.758,231,7
26/11/2018,165.91,269,7
27/11/2018,166.062,247,10
28/11/2018,166.214,284,14
29/11/2018,166.366,230,8
30/11/2018,166.518,243,7
01/12/2018,153.1075,295,19
02/12/2018,144.4258065,272,12
03/12/2018,144.4116129,204,11
04/12/2018,144.3974194,248,7
05/12/2018,144.3832258,243,7
06/12/2018,144.3690323,299,6
07/12/2018,144.3548387,250,15
08/12/2018,144.3406452,290,8
09/12/2018,144.3264516,202,16
10/12/2018,144.3122581,289,6
11/12/2018,144.2980645,207,7
12/12/2018,144.283871,223,10
13/12/2018,144.2696774,289,13
14/12/2018,144.2554839,210,8
15/12/2018,144.2412903,286,14
16/12/2018,144.2270968,236,15
17/12/2018,144.2129032,214,19
18/12/2018,144.1987097,259,14
19/12/2018,144.1845161,213,10
20/12/2018,144.1703226,259,19
21/12/2018,144.156129,278,17
22/12/2018,144.1419355,286,18
23/12/2018,144.1277419,224,12
24/12/2018,144.1135484,218,18
25/12/2018,144.0993548,273,9
26/12/2018,144.0851613,231,16
27/12/2018,144.0709677,243,6
28/12/2018,144.0567742,202,14
29/12/2018,144.0425806,273,14
30/12/2018,144.0283871,207,14
31/12/2018,144.0141935,244,16
01/01/2019,148.0025,245,11
02/01/2019,149.6429032,281,14
03/01/2019,149.5558065,240,14
04/01/2019,149.4687097,285,6
05/01/2019,149.3816129,223,11
06/01/2019,149.2945161,240,17
07/01/2019,149.2074194,286,17
08/01/2019,149.1203226,221,6
09/01/2019,149.0332258,273,18
10/01/2019,148.946129,239,14
11/01/2019,148.8590323,235,12
12/01/2019,148.7719355,292,12
13/01/2019,148.6848387,260,15
14/01/2019,148.5977419,235,9
15/01/2019,148.5106452,224,8
16/01/2019,148.4235484,235,13
17/01/2019,148.3364516,252,12
18/01/2019,148.2493548,248,5
19/01/2019,148.1622581,218,9
20/01/2019,148.0751613,288,5
21/01/2019,147.9880645,276,13
22/01/2019,147.9009677,248,11
23/01/2019,147.813871,208,11
24/01/2019,147.7267742,221,10
25/01/2019,147.6396774,289,14
26/01/2019,147.5525806,287,5
27/01/2019,147.4654839,300,5
28/01/2019,147.3783871,268,15
29/01/2019,147.2912903,233,8
30/01/2019,147.2041935,227,18
31/01/2019,147.1170968,277,19
01/02/2019,145.8475,294,7
02/02/2019,144.7514286,202,7
03/02/2019,144.6728571,222,14
04/02/2019,144.5942857,257,17
05/02/2019,144.5157143,244,5
06/02/2019,144.4371429,267,10
07/02/2019,144.3585714,237,17
08/02/2019,144.28,259,18
09/02/2019,144.2014286,217,13
10/02/2019,144.1228571,241,19
11/02/2019,144.0442857,289,12
12/02/2019,143.9657143,246,17
13/02/2019,143.8871429,256,17
14/02/2019,143.8085714,287,19
15/02/2019,143.73,239,7
16/02/2019,143.6514286,204,5
17/02/2019,143.5728571,291,19
18/02/2019,143.4942857,266,5
19/02/2019,143.4157143,264,18
20/02/2019,143.3371429,298,13
21/02/2019,143.2585714,227,13
22/02/2019,143.18,203,11
23/02/2019,143.1014286,245,17
24/02/2019,143.0228571,258,17
25/02/2019,142.9442857,252,7
26/02/2019,142.8657143,201,6
27/02/2019,142.7871429,283,10
28/02/2019,142.7085714,296,12
01/03/2019,139.565,220,14
02/03/2019,135.676129,270,11
03/03/2019,135.7222581,275,18
04/03/2019,135.7683871,251,9
05/03/2019,135.8145161,296,6
06/03/2019,135.8606452,257,9
07/03/2019,135.9067742,297,15
08/03/2019,135.9529032,223,5
09/03/2019,135.9990323,260,12
10/03/2019,136.0451613,220,15
11/03/2019,136.0912903,203,9
12/03/2019,136.1374194,205,5
13/03/2019,136.1835484,287,13
14/03/2019,136.2296774,232,9
15/03/2019,136.2758065,241,6
16/03/2019,136.3219355,268,12
17/03/2019,136.3680645,205,10
18/03/2019,136.4141935,222,5
19/03/2019,136.4603226,285,10
20/03/2019,136.5064516,214,12
21/03/2019,136.5525806,280,11
22/03/2019,136.5987097,256,13
23/03/2019,136.6448387,255,12
24/03/2019,136.6909677,254,5
25/03/2019,136.7370968,275,8
26/03/2019,136.7832258,241,5
27/03/2019,136.8293548,293,18
28/03/2019,136.8754839,228,11
29/03/2019,136.9216129,247,14
30/03/2019,136.9677419,224,5
31/03/2019,137.013871,214,5
01/04/2019,140.4814063,262,17
02/04/2019,141.445625,283,6
03/04/2019,141.3575,251,8
04/04/2019,141.269375,233,6
05/04/2019,141.18125,205,13
06/04/2019,141.093125,265,6
07/04/2019,141.005,223,14
08/04/2019,140.916875,212,16
09/04/2019,140.82875,237,15
10/04/2019,140.740625,217,19
11/04/2019,140.6525,243,9
12/04/2019,140.564375,220,15
13/04/2019,140.47625,256,14
14/04/2019,140.388125,273,14
15/04/2019,140.3,272,7
16/04/2019,140.211875,261,9
17/04/2019,140.12375,283,10
18/04/2019,140.035625,245,12
19/04/2019,139.9475,249,17
20/04/2019,139.859375,281,7
21/04/2019,139.77125,212,7
22/04/2019,139.683125,277,9
23/04/2019,139.595,245,10
24/04/2019,139.506875,275,6
25/04/2019,139.41875,279,7
26/04/2019,139.330625,289,15
27/04/2019,139.2425,220,17
28/04/2019,139.154375,285,13
29/04/2019,139.06625,228,8
30/04/2019,138.978125,238,17
01/05/2019,138.4975,200,19
02/05/2019,142.463871,230,14
03/05/2019,142.9877419,292,18
04/05/2019,143.5116129,281,19
05/05/2019,144.0354839,293,17
06/05/2019,144.5593548,206,12
07/05/2019,145.0832258,299,12
08/05/2019,145.6070968,203,14
09/05/2019,146.1309677,284,16
10/05/2019,146.6548387,221,9
11/05/2019,147.1787097,283,17
12/05/2019,147.7025806,273,5
13/05/2019,148.2264516,269,10
14/05/2019,148.7503226,279,13
15/05/2019,149.2741935,292,19
16/05/2019,149.7980645,230,5
17/05/2019,150.3219355,241,5
18/05/2019,150.8458065,273,6
19/05/2019,151.3696774,245,16
20/05/2019,151.8935484,220,7
21/05/2019,152.4174194,218,19
22/05/2019,152.9412903,262,16
23/05/2019,153.4651613,265,17
24/05/2019,153.9890323,221,10
25/05/2019,154.5129032,251,12
26/05/2019,155.0367742,268,14
27/05/2019,155.5606452,296,18
28/05/2019,156.0845161,226,18
29/05/2019,156.6083871,223,15
30/05/2019,157.1322581,223,14
31/05/2019,157.656129,229,13
01/06/2019,155.1375,224,13
02/06/2019,143.091,202,9
03/06/2019,143.242,247,9
04/06/2019,143.393,271,7
05/06/2019,143.544,230,11
06/06/2019,143.695,210,17
07/06/2019,143.846,300,17
08/06/2019,143.997,211,14
09/06/2019,144.148,296,11
10/06/2019,144.299,292,8
11/06/2019,144.45,221,17
12/06/2019,144.601,299,13
13/06/2019,144.752,205,6
14/06/2019,144.903,246,18
15/06/2019,145.054,215,9
16/06/2019,145.205,226,13
17/06/2019,145.356,288,7
18/06/2019,145.507,290,6
19/06/2019,145.658,273,5
20/06/2019,145.809,280,14
21/06/2019,145.96,218,11
22/06/2019,146.111,235,7
23/06/2019,146.262,270,10
24/06/2019,146.413,248,18
25/06/2019,146.564,241,16
26/06/2019,146.715,239,14
27/06/2019,146.866,281,5
28/06/2019,147.017,236,6
29/06/2019,147.168,241,14
30/06/2019,147.319,202,10
01/07/2019,152.8675,290,5
02/07/2019,149.6864516,297,16
03/07/2019,149.6429032,245,6
04/07/2019,149.5993548,208,15
05/07/2019,149.5558065,213,17
06/07/2019,149.5122581,204,12
07/07/2019,149.4687097,203,12
08/07/2019,149.4251613,257,18
09/07/2019,149.3816129,203,7
10/07/2019,149.3380645,223,18
11/07/2019,149.2945161,276,5
12/07/2019,149.2509677,220,12
13/07/2019,149.2074194,279,10
14/07/2019,149.163871,267,12
15/07/2019,149.1203226,271,18
16/07/2019,149.0767742,252,13
17/07/2019,149.0332258,231,10
18/07/2019,148.9896774,204,11
19/07/2019,148.946129,271,16
20/07/2019,148.9025806,220,10
21/07/2019,148.8590323,285,9
22/07/2019,148.8154839,296,12
23/07/2019,148.7719355,247,15
24/07/2019,148.7283871,259,14
25/07/2019,148.6848387,292,5
26/07/2019,148.6412903,280,8
27/07/2019,148.5977419,245,9
28/07/2019,148.5541935,259,15
29/07/2019,148.5106452,277,6
30/07/2019,148.4670968,246,9
31/07/2019,148.4235484,210,19
01/08/2019,148.8175,209,11
02/08/2019,151.0529032,229,11
03/08/2019,151.1358065,261,11
04/08/2019,151.2187097,200,10
05/08/2019,151.3016129,254,10
06/08/2019,151.3845161,249,9
07/08/2019,151.4674194,272,13
08/08/2019,151.5503226,242,11
09/08/2019,151.6332258,206,17
10/08/2019,151.716129,268,6
11/08/2019,151.7990323,295,19
12/08/2019,151.8819355,271,14
13/08/2019,151.9648387,273,9
14/08/2019,152.0477419,279,9
15/08/2019,152.1306452,284,16
16/08/2019,152.2135484,208,15
17/08/2019,152.2964516,261,17
18/08/2019,152.3793548,208,13
19/08/2019,152.4622581,204,6
20/08/2019,152.5451613,233,11
21/08/2019,152.6280645,238,11
22/08/2019,152.7109677,284,14
23/08/2019,152.793871,238,5
24/08/2019,152.8767742,206,14
25/08/2019,152.9596774,255,6
26/08/2019,153.0425806,230,8
27/08/2019,153.1254839,200,18
28/08/2019,153.2083871,211,13
29/08/2019,153.2912903,210,11
30/08/2019,153.3741935,273,11
31/08/2019,153.4570968,242,15
01/09/2019,156.74,289,9
02/09/2019,162.309,295,14
03/09/2019,162.058,209,5
04/09/2019,161.807,279,18
05/09/2019,161.556,290,12
06/09/2019,161.305,238,8
07/09/2019,161.054,236,6
08/09/2019,160.803,223,8
09/09/2019,160.552,227,17
10/09/2019,160.301,299,15
11/09/2019,160.05,260,11
12/09/2019,159.799,266,14
13/09/2019,159.548,294,18
14/09/2019,159.297,249,17
15/09/2019,159.046,284,14
16/09/2019,158.795,257,14
17/09/2019,158.544,239,11
18/09/2019,158.293,216,16
19/09/2019,158.042,278,7
20/09/2019,157.791,221,12
21/09/2019,157.54,265,10
22/09/2019,157.289,201,5
23/09/2019,157.038,257,9
24/09/2019,156.787,242,18
25/09/2019,156.536,200,8
26/09/2019,156.285,245,6
27/09/2019,156.034,229,5
28/09/2019,155.783,243,15
29/09/2019,155.532,232,10
30/09/2019,155.281,231,7
01/10/2019,156.935,247,16
02/10/2019,157.9190323,229,9
03/10/2019,158.0080645,281,6
04/10/2019,158.0970968,205,12
05/10/2019,158.186129,221,19
06/10/2019,158.2751613,221,17
07/10/2019,158.3641935,264,19
08/10/2019,158.4532258,218,5
09/10/2019,158.5422581,269,12
10/10/2019,158.6312903,217,6
11/10/2019,158.7203226,258,9
12/10/2019,158.8093548,288,8
13/10/2019,158.8983871,201,10
14/10/2019,158.9874194,285,13
15/10/2019,159.0764516,228,11
16/10/2019,159.1654839,207,15
17/10/2019,159.2545161,234,16
18/10/2019,159.3435484,257,19
19/10/2019,159.4325806,212,13
20/10/2019,159.5216129,299,15
21/10/2019,159.6106452,220,8
22/10/2019,159.6996774,266,10
23/10/2019,159.7887097,206,17
24/10/2019,159.8777419,213,18
25/10/2019,159.9667742,264,7
26/10/2019,160.0558065,213,12
27/10/2019,160.1448387,273,5
28/10/2019,160.233871,250,7
29/10/2019,160.3229032,229,17
30/10/2019,160.4119355,212,5
31/10/2019,160.5009677,262,10
01/11/2019,164.8875,274,16
02/11/2019,162.7406667,207,6
03/11/2019,162.7513333,242,6
04/11/2019,162.762,265,12
05/11/2019,162.7726667,270,19
06/11/2019,162.7833333,228,15
07/11/2019,162.794,219,13
08/11/2019,162.8046667,242,9
09/11/2019,162.8153333,224,6
10/11/2019,162.826,246,18
11/11/2019,162.8366667,267,9
12/11/2019,162.8473333,258,12
13/11/2019,162.858,239,15
14/11/2019,162.8686667,262,14
15/11/2019,162.8793333,219,9
16/11/2019,162.89,282,5
17/11/2019,162.9006667,274,7
18/11/2019,162.9113333,260,19
19/11/2019,162.922,256,7
20/11/2019,162.9326667,261,8
21/11/2019,162.9433333,201,9
22/11/2019,162.954,220,15
23/11/2019,162.9646667,293,18
24/11/2019,162.9753333,279,6
25/11/2019,162.986,226,14
26/11/2019,162.9966667,288,6
27/11/2019,163.0073333,275,6
28/11/2019,163.018,269,5
29/11/2019,163.0286667,209,17
30/11/2019,163.0393333,287,5
01/12/2019,172.9475,274,17
02/12/2019,185.5235484,267,13
03/12/2019,185.3670968,256,18
04/12/2019,185.2106452,223,6
05/12/2019,185.0541935,267,6
06/12/2019,184.8977419,250,16
07/12/2019,184.7412903,252,12
08/12/2019,184.5848387,211,19
09/12/2019,184.4283871,201,14
10/12/2019,184.2719355,224,9
11/12/2019,184.1154839,278,11
12/12/2019,183.9590323,261,7
13/12/2019,183.8025806,277,16
14/12/2019,183.646129,248,9
15/12/2019,183.4896774,248,15
16/12/2019,183.3332258,274,14
17/12/2019,183.1767742,246,18
18/12/2019,183.0203226,286,11
19/12/2019,182.863871,267,18
20/12/2019,182.7074194,224,19
21/12/2019,182.5509677,283,8
22/12/2019,182.3945161,255,7
23/12/2019,182.2380645,292,9
24/12/2019,182.0816129,250,5
25/12/2019,181.9251613,281,5
26/12/2019,181.7687097,245,19
27/12/2019,181.6122581,270,17
28/12/2019,181.4558065,263,18
29/12/2019,181.2993548,290,10
30/12/2019,181.1429032,274,6
31/12/2019,180.9864516,249,7
01/01/2020,180.63,300,8
02/01/2020,180.1545161,210,18
03/01/2020,180.5690323,270,11
04/01/2020,180.9835484,256,10
05/01/2020,181.3980645,238,8
06/01/2020,181.8125806,227,15
07/01/2020,182.2270968,265,12
08/01/2020,182.6416129,294,12
09/01/2020,183.056129,296,11
10/01/2020,183.4706452,210,5
11/01/2020,183.8851613,259,15
12/01/2020,184.2996774,247,5
13/01/2020,184.7141935,227,10
14/01/2020,185.1287097,248,17
15/01/2020,185.5432258,297,18
16/01/2020,185.9577419,268,17
17/01/2020,186.3722581,219,16
18/01/2020,186.7867742,263,8
19/01/2020,187.2012903,234,13
20/01/2020,187.6158065,281,14
21/01/2020,188.0303226,213,18
22/01/2020,188.4448387,226,11
23/01/2020,188.8593548,251,11
24/01/2020,189.273871,253,9
25/01/2020,189.6883871,224,9
26/01/2020,190.1029032,217,13
27/01/2020,190.5174194,224,13
28/01/2020,190.9319355,218,14
29/01/2020,191.3464516,245,12
30/01/2020,191.7609677,294,12
31/01/2020,192.1754839,214,11
01/02/2020,183.6075,245,14
02/02/2020,174.902069,252,19
03/02/2020,174.5441379,270,18
04/02/2020,174.1862069,208,18
05/02/2020,173.8282759,235,12
06/02/2020,173.4703448,260,15
07/02/2020,173.1124138,241,8
08/02/2020,172.7544828,287,13
09/02/2020,172.3965517,207,14
10/02/2020,172.0386207,292,12
11/02/2020,171.6806897,252,11
12/02/2020,171.3227586,234,10
13/02/2020,170.9648276,283,6
14/02/2020,170.6068966,236,15
15/02/2020,170.2489655,247,8
16/02/2020,169.8910345,260,17
17/02/2020,169.5331034,234,7
18/02/2020,169.1751724,213,6
19/02/2020,168.8172414,207,5
20/02/2020,168.4593103,275,14
21/02/2020,168.1013793,237,12
22/02/2020,167.7434483,268,10
23/02/2020,167.3855172,236,7
24/02/2020,167.0275862,217,5
25/02/2020,166.6696552,207,6
26/02/2020,166.3117241,278,11
27/02/2020,165.9537931,260,15
28/02/2020,165.5958621,228,8
29/02/2020,165.237931,239,14
01/03/2020,156.1325,265,10
02/03/2020,151.6364516,238,9
03/03/2020,151.6429032,237,16
04/03/2020,151.6493548,226,7
05/03/2020,151.6558065,243,12
06/03/2020,151.6622581,225,18
07/03/2020,151.6687097,211,10
08/03/2020,151.6751613,201,7
09/03/2020,151.6816129,210,15
10/03/2020,151.6880645,206,14
11/03/2020,151.6945161,233,8
12/03/2020,151.7009677,267,9
13/03/2020,151.7074194,236,16
14/03/2020,151.713871,218,16
15/03/2020,151.7203226,245,14
16/03/2020,151.7267742,234,16
17/03/2020,151.7332258,238,15
18/03/2020,151.7396774,252,5
19/03/2020,151.746129,296,13
20/03/2020,151.7525806,253,15
21/03/2020,151.7590323,287,16
22/03/2020,151.7654839,202,9
23/03/2020,151.7719355,278,19
24/03/2020,151.7783871,235,17
25/03/2020,151.7848387,238,9
26/03/2020,151.7912903,296,5
27/03/2020,151.7977419,214,7
28/03/2020,151.8041935,208,5
29/03/2020,151.8106452,219,7
30/03/2020,151.8170968,254,15
31/03/2020,151.8235484,285,12
01/04/2020,127.9575,236,5
02/04/2020,110.007,201,8
03/04/2020,110.014,203,16
04/04/2020,110.021,237,11
05/04/2020,110.028,206,10
06/04/2020,110.035,225,18
07/04/2020,110.042,290,13
08/04/2020,110.049,251,18
09/04/2020,110.056,278,12
10/04/2020,110.063,298,14
11/04/2020,110.07,282,7
12/04/2020,110.077,223,16
13/04/2020,110.084,260,14
14/04/2020,110.091,205,9
15/04/2020,110.098,244,19
16/04/2020,110.105,245,15
17/04/2020,110.112,260,8
18/04/2020,110.119,294,14
19/04/2020,110.126,208,12
20/04/2020,110.133,210,16
21/04/2020,110.14,202,11
22/04/2020,110.147,222,7
23/04/2020,110.154,244,13
24/04/2020,110.161,217,11
25/04/2020,110.168,242,11
26/04/2020,110.175,244,6
27/04/2020,110.182,239,17
28/04/2020,110.189,264,6
29/04/2020,110.196,223,16
30/04/2020,110.203,205,17
01/05/2020,115.0175,203,13
02/05/2020,120.3896774,251,7
03/05/2020,120.7793548,262,15
04/05/2020,121.1690323,270,15
05/05/2020,121.5587097,229,11
06/05/2020,121.9483871,233,8
07/05/2020,122.3380645,237,10
08/05/2020,122.7277419,268,13
09/05/2020,123.1174194,233,16
10/05/2020,123.5070968,226,17
11/05/2020,123.8967742,201,7
12/05/2020,124.2864516,234,16
13/05/2020,124.676129,227,9
14/05/2020,125.0658065,219,10
15/05/2020,125.4554839,295,12
16/05/2020,125.8451613,292,16
17/05/2020,126.2348387,298,18
18/05/2020,126.6245161,239,13
19/05/2020,127.0141935,274,11
20/05/2020,127.403871,216,10
21/05/2020,127.7935484,207,5
22/05/2020,128.1832258,209,10
23/05/2020,128.5729032,233,6
24/05/2020,128.9625806,242,10
25/05/2020,129.3522581,288,14
26/05/2020,129.7419355,240,12
27/05/2020,130.1316129,263,14
28/05/2020,130.5212903,288,16
29/05/2020,130.9109677,202,15
30/05/2020,131.3006452,241,7
31/05/2020,131.6903226,249,16
01/06/2020,147.29,260,17
02/06/2020,160.794,215,5
03/06/2020,160.758,249,6
04/06/2020,160.722,288,8
05/06/2020,160.686,246,8
06/06/2020,160.65,280,15
07/06/2020,160.614,206,17
08/06/2020,160.578,266,10
09/06/2020,160.542,258,14
10/06/2020,160.506,247,16
11/06/2020,160.47,295,15
12/06/2020,160.434,283,17
13/06/2020,160.398,282,14
14/06/2020,160.362,243,6
15/06/2020,160.326,205,6
16/06/2020,160.29,240,5
17/06/2020,160.254,243,8
18/06/2020,160.218,213,19
19/06/2020,160.182,241,15
20/06/2020,160.146,210,17
21/06/2020,160.11,264,16
22/06/2020,160.074,295,11
23/06/2020,160.038,292,7
24/06/2020,160.002,211,6
25/06/2020,159.966,300,13
26/06/2020,159.93,222,8
27/06/2020,159.894,261,18
28/06/2020,159.858,240,13
29/06/2020,159.822,251,18
30/06/2020,159.786,295,8
01/07/2020,160.45,250,12
02/07/2020,156.7909375,245,9
03/07/2020,157.041875,288,18
04/07/2020,157.2928125,236,5
05/07/2020,157.54375,286,17
06/07/2020,157.7946875,292,6
07/07/2020,158.045625,252,6
08/07/2020,158.2965625,269,11
09/07/2020,158.5475,239,15
10/07/2020,158.7984375,229,15
11/07/2020,159.049375,224,6
12/07/2020,159.3003125,247,6
13/07/2020,159.55125,236,10
14/07/2020,159.8021875,269,9
15/07/2020,160.053125,229,16
16/07/2020,160.3040625,201,5
17/07/2020,160.555,253,15
18/07/2020,160.8059375,258,12
19/07/2020,161.056875,268,5
20/07/2020,161.3078125,247,16
21/07/2020,161.55875,212,14
22/07/2020,161.8096875,208,11
23/07/2020,162.060625,244,10
24/07/2020,162.3115625,209,18
25/07/2020,162.5625,280,12
26/07/2020,162.8134375,272,14
27/07/2020,163.064375,274,14
28/07/2020,163.3153125,290,13
29/07/2020,163.56625,294,18
30/07/2020,163.8171875,280,16
31/07/2020,164.068125,296,15
01/08/2020,166.5572656,288,17
02/08/2020,172.4083871,257,15
03/08/2020,172.5767742,215,12
04/08/2020,172.7451613,217,7
05/08/2020,172.9135484,216,8
06/08/2020,173.0819355,204,15
07/08/2020,173.2503226,239,9
08/08/2020,173.4187097,253,12
09/08/2020,173.5870968,285,17
10/08/2020,173.7554839,263,17
11/08/2020,173.923871,284,16
12/08/2020,174.0922581,246,14
13/08/2020,174.2606452,295,9
14/08/2020,174.4290323,287,17
15/08/2020,174.5974194,247,6
16/08/2020,174.7658065,248,12
17/08/2020,174.9341935,296,9
18/08/2020,175.1025806,274,18
19/08/2020,175.2709677,273,13
20/08/2020,175.4393548,232,15
21/08/2020,175.6077419,246,9
22/08/2020,175.776129,268,17
23/08/2020,175.9445161,292,13
24/08/2020,176.1129032,207,7
25/08/2020,176.2812903,200,10
26/08/2020,176.4496774,219,17
27/08/2020,176.6180645,289,11
28/08/2020,176.7864516,262,13
29/08/2020,176.9548387,288,15
30/08/2020,177.1232258,213,7
31/08/2020,177.2916129,273,18
01/09/2020,180.4275,269,13
02/09/2020,182.7516667,289,7
03/09/2020,182.8833333,229,18
04/09/2020,183.015,295,8
05/09/2020,183.1466667,254,11
06/09/2020,183.2783333,244,16
07/09/2020,183.41,261,9
08/09/2020,183.5416667,246,14
09/09/2020,183.6733333,244,18
10/09/2020,183.805,203,10
11/09/2020,183.9366667,267,16
12/09/2020,184.0683333,246,17
13/09/2020,184.2,259,7
14/09/2020,184.3316667,284,9
15/09/2020,184.4633333,240,7
16/09/2020,184.595,221,13
17/09/2020,184.7266667,290,12
18/09/2020,184.8583333,288,12
19/09/2020,184.99,284,7
20/09/2020,185.1216667,243,9
21/09/2020,185.2533333,245,10
22/09/2020,185.385,277,10
23/09/2020,185.5166667,270,15
24/09/2020,185.6483333,225,19
25/09/2020,185.78,241,7
26/09/2020,185.9116667,218,10
27/09/2020,186.0433333,264,9
28/09/2020,186.175,210,5
29/09/2020,186.3066667,209,5
30/09/2020,186.4383333,300,18
01/10/2020,174.115,258,19
02/10/2020,166.093871,213,16
03/10/2020,165.8977419,261,19
04/10/2020,165.7016129,224,18
05/10/2020,165.5054839,237,17
06/10/2020,165.3093548,282,13
07/10/2020,165.1132258,206,10
08/10/2020,164.9170968,280,18
09/10/2020,164.7209677,227,5
10/10/2020,164.5248387,292,12
11/10/2020,164.3287097,278,14
12/10/2020,164.1325806,218,14
13/10/2020,163.9364516,208,14
14/10/2020,163.7403226,241,6
15/10/2020,163.5441935,289,5
16/10/2020,163.3480645,284,5
17/10/2020,163.1519355,235,17
18/10/2020,162.9558065,292,14
19/10/2020,162.7596774,253,19
20/10/2020,162.5635484,221,17
21/10/2020,162.3674194,286,7
22/10/2020,162.1712903,207,9
23/10/2020,161.9751613,253,16
24/10/2020,161.7790323,212,10
25/10/2020,161.5829032,260,8
26/10/2020,161.3867742,213,9
27/10/2020,161.1906452,200,12
28/10/2020,160.9945161,259,10
29/10/2020,160.7983871,217,11
30/10/2020,160.6022581,245,18
31/10/2020,160.406129,217,19
01/11/2020,154.02,210,11
02/11/2020,141.807,294,6
03/11/2020,142.074,229,10
04/11/2020,142.341,243,17
05/11/2020,142.608,247,17
06/11/2020,142.875,293,15
07/11/2020,143.142,236,5
08/11/2020,143.409,281,8
09/11/2020,143.676,287,5
10/11/2020,143.943,224,8
11/11/2020,144.21,273,11
12/11/2020,144.477,231,17
13/11/2020,144.744,298,5
14/11/2020,145.011,227,8
15/11/2020,145.278,269,14
16/11/2020,145.545,257,6
17/11/2020,145.812,278,6
18/11/2020,146.079,265,10
19/11/2020,146.346,205,19
20/11/2020,146.613,224,17
21/11/2020,146.88,232,11
22/11/2020,147.147,203,8
23/11/2020,147.414,258,10
24/11/2020,147.681,255,11
25/11/2020,147.948,294,6
26/11/2020,148.215,293,17
27/11/2020,148.482,211,7
28/11/2020,148.749,243,11
29/11/2020,149.016,261,6
30/11/2020,149.283,285,15
01/12/2020,152.4025,220,16
02/12/2020,150.7464516,206,19
03/12/2020,151.0229032,238,13
04/12/2020,151.2993548,254,18
05/12/2020,151.5758065,249,9
06/12/2020,151.8522581,211,9
07/12/2020,152.1287097,281,8
08/12/2020,152.4051613,253,8
09/12/2020,152.6816129,260,9
10/12/2020,152.9580645,204,7
11/12/2020,153.2345161,234,15
12/12/2020,153.5109677,264,7
13/12/2020,153.7874194,267,18
14/12/2020,154.063871,227,5
15/12/2020,154.3403226,298,14
16/12/2020,154.6167742,202,15
17/12/2020,154.8932258,254,16
18/12/2020,155.1696774,224,14
19/12/2020,155.446129,259,12
20/12/2020,155.7225806,299,16
21/12/2020,155.9990323,239,18
22/12/2020,156.2754839,259,18
23/12/2020,156.5519355,246,11
24/12/2020,156.8283871,263,12
25/12/2020,157.1048387,284,15
26/12/2020,157.3812903,254,18
27/12/2020,157.6577419,282,8
28/12/2020,157.9341935,203,14
29/12/2020,158.2106452,267,16
30/12/2020,158.4870968,222,6
31/12/2020,158.7635484,223,14
01/01/2021,160.6825,269,19
02/01/2021,155.5003226,294,15
03/01/2021,155.7106452,272,10
04/01/2021,155.9209677,201,8
05/01/2021,156.1312903,274,19
06/01/2021,156.3416129,241,17
07/01/2021,156.5519355,296,16
08/01/2021,156.7622581,227,8
09/01/2021,156.9725806,295,6
10/01/2021,157.1829032,295,13
11/01/2021,157.3932258,223,17
12/01/2021,157.6035484,210,10
13/01/2021,157.813871,233,6
14/01/2021,158.0241935,235,15
15/01/2021,158.2345161,212,18
16/01/2021,158.4448387,259,15
17/01/2021,158.6551613,216,8
18/01/2021,158.8654839,262,11
19/01/2021,159.0758065,235,9
20/01/2021,159.286129,285,8
21/01/2021,159.4964516,211,6
22/01/2021,159.7067742,202,18
23/01/2021,159.9170968,258,16
24/01/2021,160.1274194,219,8
25/01/2021,160.3377419,257,6
26/01/2021,160.5480645,276,11
27/01/2021,160.7583871,294,11
28/01/2021,160.9687097,284,8
29/01/2021,161.1790323,275,8
30/01/2021,161.3893548,288,18
31/01/2021,161.5996774,283,11
01/02/2021,158.555,266,18
02/02/2021,155.93,286,6
03/02/2021,155.38,270,10
04/02/2021,154.83,228,12
05/02/2021,154.28,235,11
06/02/2021,153.73,290,13
07/02/2021,153.18,295,8
08/02/2021,152.63,248,6
09/02/2021,152.08,229,10
10/02/2021,151.53,254,14
11/02/2021,150.98,264,11
12/02/2021,150.43,237,19
13/02/2021,149.88,276,15
14/02/2021,149.33,300,5
15/02/2021,148.78,216,16
16/02/2021,148.23,294,9
17/02/2021,147.68,300,7
18/02/2021,147.13,267,5
19/02/2021,146.58,285,11
20/02/2021,146.03,263,11
21/02/2021,145.48,265,9
22/02/2021,144.93,269,6
23/02/2021,144.38,294,19
24/02/2021,143.83,200,9
25/02/2021,143.28,264,7
26/02/2021,142.73,209,15
27/02/2021,142.18,232,13
28/02/2021,141.63,250,5
01/03/2021,138.56,215,19
02/03/2021,137.9522581,286,9
03/03/2021,137.7745161,254,15
04/03/2021,137.5967742,237,8
05/03/2021,137.4190323,297,10
06/03/2021,137.2412903,286,9
07/03/2021,137.0635484,225,5
08/03/2021,136.8858065,208,13
09/03/2021,136.7080645,262,13
10/03/2021,136.5303226,255,7
11/03/2021,136.3525806,200,6
12/03/2021,136.1748387,266,5
13/03/2021,135.9970968,246,19
14/03/2021,135.8193548,300,18
15/03/2021,135.6416129,208,13
16/03/2021,135.463871,209,12
17/03/2021,135.286129,223,17
18/03/2021,135.1083871,293,6
19/03/2021,134.9306452,211,17
20/03/2021,134.7529032,247,9
21/03/2021,134.5751613,248,16
22/03/2021,134.3974194,283,5
23/03/2021,134.2196774,228,16
24/03/2021,134.0419355,261,12
25/03/2021,133.8641935,236,14
26/03/2021,133.6864516,207,14
27/03/2021,133.5087097,299,9
28/03/2021,133.3309677,225,15
29/03/2021,133.1532258,210,16
30/03/2021,132.9754839,212,16
31/03/2021,132.7977419,238,17
01/04/2021,137.40625,206,18
02/04/2021,141.6876667,292,10
03/04/2021,141.3753333,266,13
04/04/2021,141.063,286,7
05/04/2021,140.7506667,287,19
06/04/2021,140.4383333,234,17
07/04/2021,140.126,270,14
08/04/2021,139.8136667,246,5
09/04/2021,139.5013333,222,7
10/04/2021,139.189,270,8
11/04/2021,138.8766667,231,14
12/04/2021,138.5643333,291,12
13/04/2021,138.252,281,9
14/04/2021,137.9396667,289,15
15/04/2021,137.6273333,205,7
16/04/2021,137.315,277,8
17/04/2021,137.0026667,300,19
18/04/2021,136.6903333,273,17
19/04/2021,136.378,210,9
20/04/2021,136.0656667,224,8
21/04/2021,135.7533333,290,5
22/04/2021,135.441,218,16
23/04/2021,135.1286667,288,10
24/04/2021,134.8163333,201,13
25/04/2021,134.504,242,7
26/04/2021,134.1916667,217,19
27/04/2021,133.8793333,250,11
28/04/2021,133.567,287,10
29/04/2021,133.2546667,259,9
30/04/2021,132.9423333,300,17
01/05/2021,133.625,269,14
02/05/2021,130.8558065,223,12
03/05/2021,130.8416129,237,16
04/05/2021,130.8274194,239,19
05/05/2021,130.8132258,276,16
06/05/2021,130.7990323,268,19
07/05/2021,130.7848387,229,18
08/05/2021,130.7706452,250,15
09/05/2021,130.7564516,231,7
10/05/2021,130.7422581,240,16
11/05/2021,130.7280645,227,11
12/05/2021,130.713871,253,18
13/05/2021,130.6996774,259,15
14/05/2021,130.6854839,242,9
15/05/2021,130.6712903,283,15
16/05/2021,130.6570968,273,6
17/05/2021,130.6429032,280,17
18/05/2021,130.6287097,249,19
19/05/2021,130.6145161,204,11
20/05/2021,130.6003226,212,13
21/05/2021,130.586129,229,6
22/05/2021,130.5719355,229,12
23/05/2021,130.5577419,262,5
24/05/2021,130.5435484,232,13
25/05/2021,130.5293548,232,11
26/05/2021,130.5151613,220,11
27/05/2021,130.5009677,293,7
28/05/2021,130.4867742,200,15
29/05/2021,130.4725806,251,12
30/05/2021,130.4583871,282,10
31/05/2021,130.4441935,252,15
01/06/2021,133.16,255,12
02/06/2021,137.215,264,9
03/06/2021,137.01,270,14
04/06/2021,136.805,230,9
05/06/2021,136.6,277,16
06/06/2021,136.395,201,9
07/06/2021,136.19,216,18
08/06/2021,135.985,272,7
09/06/2021,135.78,230,12
10/06/2021,135.575,202,19
11/06/2021,135.37,266,15
12/06/2021,135.165,295,6
13/06/2021,134.96,298,15
14/06/2021,134.755,213,16
15/06/2021,134.55,244,15
16/06/2021,134.345,217,8
17/06/2021,134.14,221,17
18/06/2021,133.935,293,13
19/06/2021,133.73,262,16
20/06/2021,133.525,295,8
21/06/2021,133.32,280,5
22/06/2021,133.115,286,13
23/06/2021,132.91,282,18
24/06/2021,132.705,244,14
25/06/2021,132.5,223,13
26/06/2021,132.295,243,17
27/06/2021,132.09,287,7
28/06/2021,131.885,224,17
29/06/2021,131.68,224,5
30/06/2021,131.475,223,8
01/07/2021,134.9175,218,11
02/07/2021,140.3019355,253,13
03/07/2021,140.053871,295,9
04/07/2021,139.8058065,262,6
05/07/2021,139.5577419,201,17
06/07/2021,139.3096774,224,9
07/07/2021,139.0616129,214,12
08/07/2021,138.8135484,280,5
09/07/2021,138.5654839,208,12
10/07/2021,138.3174194,231,9
11/07/2021,138.0693548,218,12
12/07/2021,137.8212903,201,14
13/07/2021,137.5732258,291,6
14/07/2021,137.3251613,215,19
15/07/2021,137.0770968,239,13
16/07/2021,136.8290323,256,10
17/07/2021,136.5809677,260,11
18/07/2021,136.3329032,295,15
19/07/2021,136.0848387,281,5
20/07/2021,135.8367742,221,19
21/07/2021,135.5887097,239,12
22/07/2021,135.3406452,286,18
23/07/2021,135.0925806,202,14
24/07/2021,134.8445161,200,16
25/07/2021,134.5964516,297,10
26/07/2021,134.3483871,223,5
27/07/2021,134.1003226,286,14
28/07/2021,133.8522581,299,16
29/07/2021,133.6041935,216,5
30/07/2021,133.356129,285,17
31/07/2021,133.1080645,298,19
01/08/2021,136.85,203,19
02/08/2021,133.2335484,211,19
03/08/2021,133.0670968,296,19
04/08/2021,132.9006452,236,10
05/08/2021,132.7341935,257,11
06/08/2021,132.5677419,300,12
07/08/2021,132.4012903,281,6
08/08/2021,132.2348387,228,17
09/08/2021,132.0683871,212,12
10/08/2021,131.9019355,273,9
11/08/2021,131.7354839,286,5
12/08/2021,131.5690323,264,14
13/08/2021,131.4025806,204,14
14/08/2021,131.236129,285,12
15/08/2021,131.0696774,263,15
16/08/2021,130.9032258,233,8
17/08/2021,130.7367742,207,11
18/08/2021,130.5703226,260,13
19/08/2021,130.403871,228,13
20/08/2021,130.2374194,281,12
21/08/2021,130.0709677,226,9
22/08/2021,129.9045161,250,8
23/08/2021,129.7380645,298,17
24/08/2021,129.5716129,214,18
25/08/2021,129.4051613,286,16
26/08/2021,129.2387097,291,9
27/08/2021,129.0722581,220,11
28/08/2021,128.9058065,264,5
29/08/2021,128.7393548,222,5
30/08/2021,128.5729032,210,19
31/08/2021,128.4064516,216,7
01/09/2021,128.03,289,8
02/09/2021,123.683,264,6
03/09/2021,124.036,251,18
04/09/2021,124.389,207,9
05/09/2021,124.742,212,8
06/09/2021,125.095,254,11
07/09/2021,125.448,272,15
08/09/2021,125.801,224,6
09/09/2021,126.154,206,8
10/09/2021,126.507,258,15
11/09/2021,126.86,210,19
12/09/2021,127.213,237,19
13/09/2021,127.566,249,9
14/09/2021,127.919,237,10
15/09/2021,128.272,300,9
16/09/2021,128.625,232,14
17/09/2021,128.978,230,12
18/09/2021,129.331,280,16
19/09/2021,129.684,267,15
20/09/2021,130.037,256,19
21/09/2021,130.39,259,5
22/09/2021,130.743,272,13
23/09/2021,131.096,288,13
24/09/2021,131.449,240,5
25/09/2021,131.802,256,6
26/09/2021,132.155,257,6
27/09/2021,132.508,263,5
28/09/2021,132.861,231,8
29/09/2021,133.214,269,11
30/09/2021,133.567,279,5
01/10/2021,133.62,282,11
02/10/2021,132.5929032,276,14
03/10/2021,132.6458065,236,9
04/10/2021,132.6987097,265,16
05/10/2021,132.7516129,255,12
06/10/2021,132.8045161,222,14
07/10/2021,132.8574194,247,8
08/10/2021,132.9103226,296,11
09/10/2021,132.9632258,248,5
10/10/2021,133.016129,295,8
11/10/2021,133.0690323,205,18
12/10/2021,133.1219355,238,13
13/10/2021,133.1748387,239,11
14/10/2021,133.2277419,205,6
15/10/2021,133.2806452,204,12
16/10/2021,133.3335484,236,19
17/10/2021,133.3864516,300,14
18/10/2021,133.4393548,237,7
19/10/2021,133.4922581,229,19
20/10/2021,133.5451613,230,9
21/10/2021,133.5980645,280,19
22/10/2021,133.6509677,273,11
23/10/2021,133.703871,276,13
24/10/2021,133.7567742,228,15
25/10/2021,133.8096774,242,9
26/10/2021,133.8625806,273,13
27/10/2021,133.9154839,226,19
28/10/2021,133.9683871,275,11
29/10/2021,134.0212903,227,16
30/10/2021,134.0741935,236,14
31/10/2021,134.1270968,296,6
01/11/2021,135.8825,297,11
02/11/2021,143.7913333,290,13
03/11/2021,144.1326667,268,15
04/11/2021,144.474,224,11
05/11/2021,144.8153333,265,15
06/11/2021,145.1566667,210,8
07/11/2021,145.498,298,19
08/11/2021,145.8393333,211,7
09/11/2021,146.1806667,294,13
10/11/2021,146.522,295,8
11/11/2021,146.8633333,234,5
12/11/2021,147.2046667,253,7
13/11/2021,147.546,236,18
14/11/2021,147.8873333,243,11
15/11/2021,148.2286667,210,18
16/11/2021,148.57,225,12
17/11/2021,148.9113333,218,15
18/11/2021,149.2526667,234,10
19/11/2021,149.594,287,19
20/11/2021,149.9353333,200,16
21/11/2021,150.2766667,265,15
22/11/2021,150.618,205,10
23/11/2021,150.9593333,275,9
24/11/2021,151.3006667,258,16
25/11/2021,151.642,240,15
26/11/2021,151.9833333,234,6
27/11/2021,152.3246667,214,5
28/11/2021,152.666,270,10
29/11/2021,153.0073333,253,19
30/11/2021,153.3486667,276,13
01/12/2021,157.7125,255,7
02/12/2021,164.0083871,273,16
03/12/2021,163.6867742,295,5
04/12/2021,163.3651613,227,11
05/12/2021,163.0435484,213,8
06/12/2021,162.7219355,246,12
07/12/2021,162.4003226,208,11
08/12/2021,162.0787097,273,8
09/12/2021,161.7570968,221,6
10/12/2021,161.4354839,207,14
11/12/2021,161.113871,251,7
12/12/2021,160.7922581,271,12
13/12/2021,160.4706452,212,16
14/12/2021,160.1490323,280,19
15/12/2021,159.8274194,293,7
16/12/2021,159.5058065,250,18
17/12/2021,159.1841935,250,17
18/12/2021,158.8625806,235,19
19/12/2021,158.5409677,296,14
20/12/2021,158.2193548,232,14
21/12/2021,157.8977419,242,5
22/12/2021,157.576129,228,7
23/12/2021,157.2545161,208,13
24/12/2021,156.9329032,286,5
25/12/2021,156.6112903,258,13
26/12/2021,156.2896774,221,11
27/12/2021,155.9680645,299,18
28/12/2021,155.6464516,245,14
29/12/2021,155.3248387,258,9
30/12/2021,155.0032258,260,15
31/12/2021,154.6816129,286,16
01/01/2022,159.8675,265,19
02/01/2022,175.2574194,295,16
03/01/2022,175.2648387,226,12
04/01/2022,175.2722581,209,13
05/01/2022,175.2796774,277,16
06/01/2022,175.2870968,276,18
07/01/2022,175.2945161,270,5
08/01/2022,175.3019355,276,15
09/01/2022,175.3093548,288,13
10/01/2022,175.3167742,224,17
11/01/2022,175.3241935,239,6
12/01/2022,175.3316129,281,5
13/01/2022,175.3390323,229,11
14/01/2022,175.3464516,274,6
15/01/2022,175.353871,261,15
16/01/2022,175.3612903,211,7
17/01/2022,175.3687097,284,5
18/01/2022,175.376129,260,5
19/01/2022,175.3835484,288,12
20/01/2022,175.3909677,258,10
21/01/2022,175.3983871,220,16
22/01/2022,175.4058065,290,15
23/01/2022,175.4132258,230,18
24/01/2022,175.4206452,252,6
25/01/2022,175.4280645,230,9
26/01/2022,175.4354839,287,19
27/01/2022,175.4429032,277,12
28/01/2022,175.4503226,267,12
29/01/2022,175.4577419,291,14
30/01/2022,175.4651613,282,8
31/01/2022,175.4725806,259,17
01/02/2022,167.4225,227,19
02/02/2022,158.5232143,223,15
03/02/2022,158.3364286,247,15
04/02/2022,158.1496429,222,13
05/02/2022,157.9628571,221,16
06/02/2022,157.7760714,257,14
07/02/2022,157.5892857,275,10
08/02/2022,157.4025,266,7
09/02/2022,157.2157143,288,10
10/02/2022,157.0289286,210,14
11/02/2022,156.8421429,283,11
12/02/2022,156.6553571,285,11
13/02/2022,156.4685714,230,6
14/02/2022,156.2817857,211,12
15/02/2022,156.095,215,10
16/02/2022,155.9082143,266,14
17/02/2022,155.7214286,232,13
18/02/2022,155.5346429,211,13
19/02/2022,155.3478571,238,18
20/02/2022,155.1610714,249,12
21/02/2022,154.9742857,290,5
22/02/2022,154.7875,291,5
23/02/2022,154.6007143,299,14
24/02/2022,154.4139286,215,13
25/02/2022,154.2271429,205,12
26/02/2022,154.0403571,233,17
27/02/2022,153.8535714,261,17
28/02/2022,153.6667857,260,19
01/03/2022,154,263,11
02/03/2022,150.5229032,255,16
03/03/2022,150.5858065,269,16
04/03/2022,150.6487097,249,8
05/03/2022,150.7116129,238,12
06/03/2022,150.7745161,292,16
07/03/2022,150.8374194,267,10
08/03/2022,150.9003226,256,5
09/03/2022,150.9632258,251,17
10/03/2022,151.026129,253,15
11/03/2022,151.0890323,294,16
12/03/2022,151.1519355,219,9
13/03/2022,151.2148387,300,7
14/03/2022,151.2777419,267,17
15/03/2022,151.3406452,221,11
16/03/2022,151.4035484,266,10
17/03/2022,151.4664516,273,14
18/03/2022,151.5293548,257,9
19/03/2022,151.5922581,225,12
20/03/2022,151.6551613,299,10
21/03/2022,151.7180645,297,5
22/03/2022,151.7809677,233,18
23/03/2022,151.843871,200,13
24/03/2022,151.9067742,254,17
25/03/2022,151.9696774,293,12
26/03/2022,152.0325806,279,10
27/03/2022,152.0954839,268,16
28/03/2022,152.1583871,263,13
29/03/2022,152.2212903,263,19
30/03/2022,152.2841935,262,12
31/03/2022,152.3470968,293,5
01/04/2022,153.805,290,12
02/04/2022,150.217,291,15
03/04/2022,150.244,268,6
04/04/2022,150.271,238,6
05/04/2022,150.298,211,17
06/04/2022,150.325,232,15
07/04/2022,150.352,248,14
08/04/2022,150.379,266,18
09/04/2022,150.406,258,19
10/04/2022,150.433,295,19
11/04/2022,150.46,238,11
12/04/2022,150.487,286,11
13/04/2022,150.514,224,11
14/04/2022,150.541,240,7
15/04/2022,150.568,212,14
16/04/2022,150.595,225,10
17/04/2022,150.622,253,16
18/04/2022,150.649,232,10
19/04/2022,150.676,271,10
20/04/2022,150.703,285,19
21/04/2022,150.73,277,12
22/04/2022,150.757,233,8
23/04/2022,150.784,298,9
24/04/2022,150.811,296,7
25/04/2022,150.838,203,8
26/04/2022,150.865,282,15
27/04/2022,150.892,209,10
28/04/2022,150.919,221,16
29/04/2022,150.946,252,17
30/04/2022,150.973,262,8
01/05/2022,169.7125,257,10
02/05/2022,179.65,262,11
03/05/2022,179.71,257,15
04/05/2022,179.77,215,16
05/05/2022,179.83,289,8
06/05/2022,179.89,249,18
07/05/2022,179.95,255,12
08/05/2022,180.01,258,8
09/05/2022,180.07,289,19
10/05/2022,180.13,279,8
11/05/2022,180.19,214,17
12/05/2022,180.25,269,19
13/05/2022,180.31,266,13
14/05/2022,180.37,291,16
15/05/2022,180.43,234,18
16/05/2022,180.49,289,15
17/05/2022,180.55,300,16
18/05/2022,180.61,223,17
19/05/2022,180.67,260,12
20/05/2022,180.73,227,15
21/05/2022,180.79,259,15
22/05/2022,180.85,261,14
23/05/2022,180.91,267,19
24/05/2022,180.97,278,5
25/05/2022,181.03,239,15
26/05/2022,181.09,260,14
27/05/2022,181.15,249,19
28/05/2022,181.21,231,12
29/05/2022,181.27,280,5
30/05/2022,181.33,252,10
31/05/2022,181.39,201,16
01/06/2022,191.2,240,13
02/06/2022,204.7216667,224,15
03/06/2022,204.5833333,281,7
04/06/2022,204.445,271,13
05/06/2022,204.3066667,227,14
06/06/2022,204.1683333,279,16
07/06/2022,204.03,274,7
08/06/2022,203.8916667,277,14
09/06/2022,203.7533333,259,11
10/06/2022,203.615,234,16
11/06/2022,203.4766667,230,18
12/06/2022,203.3383333,200,11
13/06/2022,203.2,220,9
14/06/2022,203.0616667,206,12
15/06/2022,202.9233333,288,17
16/06/2022,202.785,270,15
17/06/2022,202.6466667,251,7
18/06/2022,202.5083333,229,5
19/06/2022,202.37,220,15
20/06/2022,202.2316667,222,13
21/06/2022,202.0933333,243,6
22/06/2022,201.955,258,9
23/06/2022,201.8166667,273,13
24/06/2022,201.6783333,295,10
25/06/2022,201.54,286,5
26/06/2022,201.4016667,237,16
27/06/2022,201.2633333,242,6
28/06/2022,201.125,271,6
29/06/2022,200.9866667,212,10
30/06/2022,200.8483333,244,16
01/07/2022,228.5175,265,7
02/07/2022,238.8764516,277,7
03/07/2022,238.2329032,202,16
04/07/2022,237.5893548,202,13
05/07/2022,236.9458065,273,13
06/07/2022,236.3022581,265,5
07/07/2022,235.6587097,216,5
08/07/2022,235.0151613,252,13
09/07/2022,234.3716129,276,19
10/07/2022,233.7280645,278,10
11/07/2022,233.0845161,200,13
12/07/2022,232.4409677,299,12
13/07/2022,231.7974194,278,7
14/07/2022,231.153871,235,13
15/07/2022,230.5103226,297,11
16/07/2022,229.8667742,290,13
17/07/2022,229.2232258,266,15
18/07/2022,228.5796774,239,11
19/07/2022,227.936129,282,10
20/07/2022,227.2925806,202,14
21/07/2022,226.6490323,280,14
22/07/2022,226.0054839,283,10
23/07/2022,225.3619355,221,15
24/07/2022,224.7183871,210,12
25/07/2022,224.0748387,206,12
26/07/2022,223.4312903,300,14
27/07/2022,222.7877419,265,6
28/07/2022,222.1441935,224,14
29/07/2022,221.5006452,239,10
30/07/2022,220.8570968,253,10
31/07/2022,220.2135484,244,7
01/08/2022,232.1,219,10
02/08/2022,238.0016129,278,10
03/08/2022,238.7132258,210,7
04/08/2022,239.4248387,203,16
05/08/2022,240.1364516,238,16
06/08/2022,240.8480645,270,17
07/08/2022,241.5596774,279,8
08/08/2022,242.2712903,285,15
09/08/2022,242.9829032,206,13
10/08/2022,243.6945161,256,13
11/08/2022,244.406129,238,8
12/08/2022,245.1177419,255,9
13/08/2022,245.8293548,273,12
14/08/2022,246.5409677,286,10
15/08/2022,247.2525806,225,14
16/08/2022,247.9641935,209,13
17/08/2022,248.6758065,216,16
18/08/2022,249.3874194,242,19
19/08/2022,250.0990323,274,9
20/08/2022,250.8106452,254,17
21/08/2022,251.5222581,236,9
22/08/2022,252.233871,255,15
23/08/2022,252.9454839,293,11
24/08/2022,253.6570968,233,14
25/08/2022,254.3687097,204,15
26/08/2022,255.0803226,222,11
27/08/2022,255.7919355,266,19
28/08/2022,256.5035484,221,7
29/08/2022,257.2151613,275,11
30/08/2022,257.9267742,258,15
31/08/2022,258.6383871,273,5
01/09/2022,260.565,300,15
02/09/2022,264.9606667,218,14
03/09/2022,265.1913333,267,17
04/09/2022,265.422,277,7
05/09/2022,265.6526667,252,6
06/09/2022,265.8833333,251,10
07/09/2022,266.114,207,6
08/09/2022,266.3446667,216,14
09/09/2022,266.5753333,233,12
10/09/2022,266.806,267,10
11/09/2022,267.0366667,206,16
12/09/2022,267.2673333,284,6
13/09/2022,267.498,210,12
14/09/2022,267.7286667,204,18
15/09/2022,267.9593333,257,5
16/09/2022,268.19,210,14
17/09/2022,268.4206667,280,6
18/09/2022,268.6513333,239,5
19/09/2022,268.882,238,15
20/09/2022,269.1126667,200,17
21/09/2022,269.3433333,260,12
22/09/2022,269.574,245,11
23/09/2022,269.8046667,202,9
24/09/2022,270.0353333,287,13
25/09/2022,270.266,245,17
26/09/2022,270.4966667,232,18
27/09/2022,270.7273333,268,14
28/09/2022,270.958,203,18
29/09/2022,271.1886667,280,15
30/09/2022,271.4193333,280,5
01/10/2022,282.72,214,14
02/10/2022,290.5225806,204,9
03/10/2022,290.5051613,260,14
04/10/2022,290.4877419,250,9
05/10/2022,290.4703226,231,10
06/10/2022,290.4529032,291,16
07/10/2022,290.4354839,202,14
08/10/2022,290.4180645,250,18
09/10/2022,290.4006452,279,9
10/10/2022,290.3832258,225,9
11/10/2022,290.3658065,257,13
12/10/2022,290.3483871,233,18
13/10/2022,290.3309677,268,11
14/10/2022,290.3135484,213,19
15/10/2022,290.296129,271,10
16/10/2022,290.2787097,207,10
17/10/2022,290.2612903,228,9
18/10/2022,290.243871,271,11
19/10/2022,290.2264516,273,14
20/10/2022,290.2090323,263,10
21/10/2022,290.1916129,295,9
22/10/2022,290.1741935,224,17
23/10/2022,290.1567742,205,5
24/10/2022,290.1393548,211,10
25/10/2022,290.1219355,286,16
26/10/2022,290.1045161,231,9
27/10/2022,290.0870968,257,15
28/10/2022,290.0696774,228,6
29/10/2022,290.0522581,241,5
30/10/2022,290.0348387,268,9
31/10/2022,290.0174194,203,19
01/11/2022,288.655,203,9
02/11/2022,298.3573333,217,13
03/11/2022,299.0446667,257,18
04/11/2022,299.732,207,9
05/11/2022,300.4193333,245,10
06/11/2022,301.1066667,252,10
07/11/2022,301.794,277,17
08/11/2022,302.4813333,204,6
09/11/2022,303.1686667,277,8
10/11/2022,303.856,206,6
11/11/2022,304.5433333,204,8
12/11/2022,305.2306667,207,6
13/11/2022,305.918,233,14
14/11/2022,306.6053333,277,7
15/11/2022,307.2926667,275,6
16/11/2022,307.98,295,18
17/11/2022,308.6673333,265,19
18/11/2022,309.3546667,209,16
19/11/2022,310.042,277,13
20/11/2022,310.7293333,216,10
21/11/2022,311.4166667,289,13
22/11/2022,312.104,200,18
23/11/2022,312.7913333,252,10
24/11/2022,313.4786667,224,17
25/11/2022,314.166,237,6
26/11/2022,314.8533333,214,14
27/11/2022,315.5406667,297,5
28/11/2022,316.228,298,5
29/11/2022,316.9153333,294,15
30/11/2022,317.6026667,288,16
01/12/2022,314.415,248,8
02/12/2022,321.6125806,292,15
03/12/2022,322.0051613,297,10
04/12/2022,322.3977419,288,8
05/12/2022,322.7903226,270,9
06/12/2022,323.1829032,290,18
07/12/2022,323.5754839,202,15
08/12/2022,323.9680645,220,17
09/12/2022,324.3606452,240,16
10/12/2022,324.7532258,264,19
11/12/2022,325.1458065,231,14
12/12/2022,325.5383871,282,14
13/12/2022,325.9309677,275,15
14/12/2022,326.3235484,265,18
15/12/2022,326.716129,213,17
16/12/2022,327.1087097,295,16
17/12/2022,327.5012903,231,19
18/12/2022,327.893871,250,11
19/12/2022,328.2864516,221,8
20/12/2022,328.6790323,241,13
21/12/2022,329.0716129,251,9
22/12/2022,329.4641935,224,14
23/12/2022,329.8567742,214,14
24/12/2022,330.2493548,259,16
25/12/2022,330.6419355,223,10
26/12/2022,331.0345161,268,16
27/12/2022,331.4270968,252,6
28/12/2022,331.8196774,261,19
29/12/2022,332.2122581,255,19
30/12/2022,332.6048387,275,17
31/12/2022,332.9974194,226,19
01/01/2023,330.48,259,14
02/01/2023,328.8654839,239,19
03/01/2023,328.9009677,234,12
04/01/2023,328.9364516,264,15
05/01/2023,328.9719355,246,18
06/01/2023,329.0074194,243,7
07/01/2023,329.0429032,273,12
08/01/2023,329.0783871,244,19
09/01/2023,329.113871,252,12
10/01/2023,329.1493548,284,8
11/01/2023,329.1848387,203,17
12/01/2023,329.2203226,246,13
13/01/2023,329.2558065,225,6
14/01/2023,329.2912903,246,9
15/01/2023,329.3267742,296,10
16/01/2023,329.3622581,229,9
17/01/2023,329.3977419,284,18
18/01/2023,329.4332258,233,18
19/01/2023,329.4687097,212,7
20/01/2023,329.5041935,218,9
21/01/2023,329.5396774,286,18
22/01/2023,329.5751613,295,18
23/01/2023,329.6106452,271,14
24/01/2023,329.646129,264,7
25/01/2023,329.6816129,281,5
26/01/2023,329.7170968,259,12
27/01/2023,329.7525806,252,14
28/01/2023,329.7880645,256,11
29/01/2023,329.8235484,213,7
30/01/2023,329.8590323,274,18
31/01/2023,329.8945161,290,9
01/02/2023,334.54,292,11
02/02/2023,332.3678571,243,17
03/02/2023,332.2357143,200,18
04/02/2023,332.1035714,206,16
05/02/2023,331.9714286,221,18
06/02/2023,331.8392857,259,13
07/02/2023,331.7071429,231,6
08/02/2023,331.575,204,8
09/02/2023,331.4428571,275,12
10/02/2023,331.3107143,245,7
11/02/2023,331.1785714,243,15
12/02/2023,331.0464286,283,6
13/02/2023,330.9142857,220,13
14/02/2023,330.7821429,257,7
15/02/2023,330.65,205,5
16/02/2023,330.5178571,243,18
17/02/2023,330.3857143,253,8
18/02/2023,330.2535714,294,15
19/02/2023,330.1214286,296,16
20/02/2023,329.9892857,202,5
21/02/2023,329.8571429,273,7
22/02/2023,329.725,251,13
23/02/2023,329.5928571,257,14
24/02/2023,329.4607143,215,6
25/02/2023,329.3285714,281,8
26/02/2023,329.1964286,234,5
27/02/2023,329.0642857,292,12
28/02/2023,328.9321429,206,10
01/03/2023,310.15,201,14
02/03/2023,297.4332258,254,13
03/03/2023,297.8264516,281,16
04/03/2023,298.2196774,237,6
05/03/2023,298.6129032,274,19
06/03/2023,299.006129,228,6
07/03/2023,299.3993548,243,15
08/03/2023,299.7925806,205,8
09/03/2023,300.1858065,271,11
10/03/2023,300.5790323,219,17
11/03/2023,300.9722581,230,5
12/03/2023,301.3654839,211,19
13/03/2023,301.7587097,217,18
14/03/2023,302.1519355,298,8
15/03/2023,302.5451613,267,12
16/03/2023,302.9383871,287,9
17/03/2023,303.3316129,231,12
18/03/2023,303.7248387,255,17
19/03/2023,304.1180645,283,7
20/03/2023,304.5112903,249,11
21/03/2023,304.9045161,254,10
22/03/2023,305.2977419,290,18
23/03/2023,305.6909677,236,13
24/03/2023,306.0841935,282,11
25/03/2023,306.4774194,294,9
26/03/2023,306.8706452,214,7
27/03/2023,307.263871,220,12
28/03/2023,307.6570968,235,12
29/03/2023,308.0503226,262,7
30/03/2023,308.4435484,234,13
31/03/2023,308.8367742,285,6
01/04/2023,312.49125,207,18
02/04/2023,302.1793333,252,12
03/04/2023,301.9286667,265,12
04/04/2023,301.678,263,11
05/04/2023,301.4273333,297,12
06/04/2023,301.1766667,238,19
07/04/2023,300.926,261,17
08/04/2023,300.6753333,213,11
09/04/2023,300.4246667,276,16
10/04/2023,300.174,259,17
11/04/2023,299.9233333,234,19
12/04/2023,299.6726667,271,10
13/04/2023,299.422,234,6
14/04/2023,299.1713333,234,16
15/04/2023,298.9206667,200,19
16/04/2023,298.67,214,12
17/04/2023,298.4193333,226,14
18/04/2023,298.1686667,224,5
19/04/2023,297.918,205,12
20/04/2023,297.6673333,274,19
21/04/2023,297.4166667,290,15
22/04/2023,297.166,253,17
23/04/2023,296.9153333,202,9
24/04/2023,296.6646667,289,5
25/04/2023,296.414,209,8
26/04/2023,296.1633333,298,12
27/04/2023,295.9126667,216,18
28/04/2023,295.662,222,9
29/04/2023,295.4113333,252,17
30/04/2023,295.1606667,247,13
01/05/2023,291.475,253,16
02/05/2023,296.6182609,247,17
03/05/2023,296.8365217,200,11
04/05/2023,297.0547826,293,17
05/05/2023,297.2730435,261,17
06/05/2023,297.4913043,270,5
07/05/2023,297.7095652,268,15
08/05/2023,297.9278261,287,15
09/05/2023,298.146087,221,5
10/05/2023,298.3643478,258,14
11/05/2023,298.5826087,277,9
12/05/2023,298.8008696,204,19
13/05/2023,299.0191304,218,6
14/05/2023,299.2373913,297,14
15/05/2023,299.4556522,227,18
16/05/2023,299.673913,291,17
17/05/2023,299.8921739,220,12
18/05/2023,300.1104348,260,13
19/05/2023,300.3286957,276,13
20/05/2023,300.5469565,203,7
21/05/2023,300.7652174,243,19
22/05/2023,300.9834783,295,16
23/05/2023,301.2017391,266,5
24/05/2023,301.42,267,8
25/05/2023,301.6382609,235,16
26/05/2023,301.8565217,228,14
27/05/2023,302.0747826,290,17
28/05/2023,302.2930435,298,17
29/05/2023,302.5113043,242,13
30/05/2023,302.7295652,232,18
31/05/2023,302.9478261,284,7
01/06/2023,303.166087,212,7
02/06/2023,303.3843478,236,9
03/06/2023,303.6026087,224,8
04/06/2023,303.8208696,237,16
05/06/2023,304.0391304,234,5
06/06/2023,304.2573913,245,18
07/06/2023,304.4756522,206,16
08/06/2023,304.693913,287,14
09/06/2023,304.9121739,272,9
10/06/2023,305.1304348,280,18
11/06/2023,305.3486957,257,7
12/06/2023,305.5669565,256,12
13/06/2023,305.7852174,267,7
14/06/2023,306.0034783,252,16
15/06/2023,306.2217391,287,12
16/06/2023,306.44,283,12
17/06/2023,306.6582609,206,15
18/06/2023,306.8765217,245,19
19/06/2023,307.0947826,225,19
20/06/2023,307.3130435,292,11
21/06/2023,307.5313043,239,6
22/06/2023,307.7495652,219,15
23/06/2023,307.9678261,201,8
24/06/2023,308.186087,288,6
25/06/2023,308.4043478,206,15
26/06/2023,308.6226087,286,10
27/06/2023,308.8408696,261,12
28/06/2023,309.0591304,286,8
29/06/2023,309.2773913,230,13
30/06/2023,309.4956522,234,8
01/07/2023,309.713913,242,15
02/07/2023,309.9321739,279,11
03/07/2023,310.1504348,253,7
04/07/2023,310.3686957,204,19
05/07/2023,310.5869565,252,9
06/07/2023,310.8052174,287,15
07/07/2023,311.0234783,209,7
08/07/2023,311.2417391,235,13
09/07/2023,311.46,299,7
10/07/2023,311.6782609,222,9
11/07/2023,311.8965217,279,11
12/07/2023,312.1147826,271,6
13/07/2023,312.3330435,269,8
14/07/2023,312.5513043,234,5
15/07/2023,312.7695652,238,14
16/07/2023,312.9878261,281,11
17/07/2023,313.206087,247,14
18/07/2023,313.4243478,238,12
19/07/2023,313.6426087,252,12
20/07/2023,313.8608696,286,14
21/07/2023,314.0791304,261,8
22/07/2023,314.2973913,201,8
23/07/2023,314.5156522,243,15
24/07/2023,314.733913,290,9
25/07/2023,314.9521739,279,18
26/07/2023,315.1704348,202,8
27/07/2023,315.3886957,268,18
28/07/2023,315.6069565,201,16
29/07/2023,315.8252174,283,10
30/07/2023,316.0434783,213,10
31/07/2023,316.2617391,233,5
01/08/2023,311.44,241,6
02/08/2023,300.2867742,252,19
03/08/2023,300.5735484,240,17
04/08/2023,300.8603226,285,13
05/08/2023,301.1470968,226,14
06/08/2023,301.433871,291,11
07/08/2023,301.7206452,230,6
08/08/2023,302.0074194,291,19
09/08/2023,302.2941935,255,8
10/08/2023,302.5809677,278,16
11/08/2023,302.8677419,223,11
12/08/2023,303.1545161,249,5
13/08/2023,303.4412903,271,9
14/08/2023,303.7280645,228,6
15/08/2023,304.0148387,201,18
16/08/2023,304.3016129,279,14
17/08/2023,304.5883871,245,12
18/08/2023,304.8751613,277,14
19/08/2023,305.1619355,204,19
20/08/2023,305.4487097,233,8
21/08/2023,305.7354839,284,5
22/08/2023,306.0222581,260,6
23/08/2023,306.3090323,265,11
24/08/2023,306.5958065,290,15
25/08/2023,306.8825806,219,19
26/08/2023,307.1693548,268,19
27/08/2023,307.456129,236,13
28/08/2023,307.7429032,261,5
29/08/2023,308.0296774,209,15
30/08/2023,308.3164516,280,6
31/08/2023,308.6032258,250,6
01/09/2023,316.3975,217,17
02/09/2023,332.51,239,15
03/09/2023,332.45,278,8
04/09/2023,332.39,217,17
05/09/2023,332.33,272,13
06/09/2023,332.27,255,6
07/09/2023,332.21,252,10
08/09/2023,332.15,244,11
09/09/2023,332.09,202,15
10/09/2023,332.03,249,17
11/09/2023,331.97,273,13
12/09/2023,331.91,275,19
13/09/2023,331.85,261,17
14/09/2023,331.79,296,11
15/09/2023,331.73,226,5
16/09/2023,331.67,283,10
17/09/2023,331.61,225,19
18/09/2023,331.55,289,17
19/09/2023,331.49,234,12
20/09/2023,331.43,261,15
21/09/2023,331.37,294,5
22/09/2023,331.31,208,9
23/09/2023,331.25,257,12
24/09/2023,331.19,272,17
25/09/2023,331.13,297,15
26/09/2023,331.07,241,6
27/09/2023,331.01,284,6
28/09/2023,330.95,214,12
29/09/2023,330.89,291,8
30/09/2023,330.83,202,9
01/10/2023,336.4975,214,14
02/10/2023,351.1048387,276,12
03/10/2023,351.5396774,223,14
04/10/2023,351.9745161,223,11
05/10/2023,352.4093548,232,8
06/10/2023,352.8441935,232,12
07/10/2023,353.2790323,269,6
08/10/2023,353.713871,202,18
09/10/2023,354.1487097,236,9
10/10/2023,354.5835484,273,16
11/10/2023,355.0183871,200,5
12/10/2023,355.4532258,248,12
13/10/2023,355.8880645,273,7
14/10/2023,356.3229032,243,6
15/10/2023,356.7577419,268,19
16/10/2023,357.1925806,225,11
17/10/2023,357.6274194,287,5
18/10/2023,358.0622581,261,17
19/10/2023,358.4970968,263,18
20/10/2023,358.9319355,244,15
21/10/2023,359.3667742,222,15
22/10/2023,359.8016129,253,17
23/10/2023,360.2364516,219,11
24/10/2023,360.6712903,294,14
25/10/2023,361.106129,205,15
26/10/2023,361.5409677,245,12
27/10/2023,361.9758065,242,10
28/10/2023,362.4106452,217,9
29/10/2023,362.8454839,258,14
30/10/2023,363.2803226,245,9
31/10/2023,363.7151613,240,17
01/11/2023,383.975,220,16
02/11/2023,405.2946667,256,16
03/11/2023,406.2393333,207,13
04/11/2023,407.184,220,9
05/11/2023,408.1286667,216,7
06/11/2023,409.0733333,287,10
07/11/2023,410.018,203,16
08/11/2023,410.9626667,217,7
09/11/2023,411.9073333,206,9
10/11/2023,412.852,300,7
11/11/2023,413.7966667,220,9
12/11/2023,414.7413333,259,12
13/11/2023,415.686,284,6
14/11/2023,416.6306667,238,8
15/11/2023,417.5753333,241,17
16/11/2023,418.52,248,8
17/11/2023,419.4646667,274,10
18/11/2023,420.4093333,250,12
19/11/2023,421.354,278,14
20/11/2023,422.2986667,252,15
21/11/2023,423.2433333,250,8
22/11/2023,424.188,278,10
23/11/2023,425.1326667,293,6
24/11/2023,426.0773333,219,18
25/11/2023,427.022,204,17
26/11/2023,427.9666667,272,7
27/11/2023,428.9113333,226,11
28/11/2023,429.856,278,11
29/11/2023,430.8006667,255,12
30/11/2023,431.7453333,235,7
01/12/2023,436.985,258,8
02/12/2023,429.9419355,298,5
03/12/2023,429.673871,210,5
04/12/2023,429.4058065,234,19
05/12/2023,429.1377419,263,18
06/12/2023,428.8696774,268,8
07/12/2023,428.6016129,263,14
08/12/2023,428.3335484,209,8
09/12/2023,428.0654839,284,17
10/12/2023,427.7974194,284,14
11/12/2023,427.5293548,256,14
12/12/2023,427.2612903,217,13
13/12/2023,426.9932258,230,9
14/12/2023,426.7251613,273,9
15/12/2023,426.4570968,218,7
16/12/2023,426.1890323,235,19
17/12/2023,425.9209677,244,10
18/12/2023,425.6529032,266,16
19/12/2023,425.3848387,235,15
20/12/2023,425.1167742,244,5
21/12/2023,424.8487097,218,12
22/12/2023,424.5806452,277,5
23/12/2023,424.3125806,241,19
24/12/2023,424.0445161,284,8
25/12/2023,423.7764516,207,16
26/12/2023,423.5083871,237,10
27/12/2023,423.2403226,219,14
28/12/2023,422.9722581,277,8
29/12/2023,422.7041935,242,9
30/12/2023,422.436129,271,13
31/12/2023,422.1680645,284,18
01/01/2024,457.375,240,16
02/01/2024,472.9877419,217,9
03/01/2024,473.3854839,229,18
04/01/2024,473.7832258,230,19
05/01/2024,474.1809677,285,6
06/01/2024,474.5787097,258,15
07/01/2024,474.9764516,285,12
08/01/2024,475.3741935,233,5
09/01/2024,475.7719355,280,5
10/01/2024,476.1696774,242,15
11/01/2024,476.5674194,232,6
12/01/2024,476.9651613,280,18
13/01/2024,477.3629032,216,19
14/01/2024,477.7606452,231,7
15/01/2024,478.1583871,201,18
16/01/2024,478.556129,233,18
17/01/2024,478.953871,241,13
18/01/2024,479.3516129,205,9
19/01/2024,479.7493548,226,13
20/01/2024,480.1470968,300,8
21/01/2024,480.5448387,258,6
22/01/2024,480.9425806,221,18
23/01/2024,481.3403226,204,5
24/01/2024,481.7380645,209,10
25/01/2024,482.1358065,237,14
26/01/2024,482.5335484,300,6
27/01/2024,482.9312903,265,19
28/01/2024,483.3290323,248,15
29/01/2024,483.7267742,215,8
30/01/2024,484.1245161,286,15
31/01/2024,484.5222581,208,19
01/02/2024,466.1325,205,15
